INSERT INTO TB_LOJA(id_loja, cidade, estado) values('SP8821','São Paulo','São Paulo');
INSERT INTO TB_LOJA(id_loja, cidade, estado) values('A9990','Belo Horizonte','Minas Gerais');
INSERT INTO TB_LOJA(id_loja, cidade, estado) values('SP8823','São Paulo','São Paulo');
INSERT INTO TB_LOJA(id_loja, cidade, estado) values('R1296','Rio de Janeiro','Rio de Janeiro');
INSERT INTO TB_LOJA(id_loja, cidade, estado) values('V7654','Vitória','Espírito Santo');
INSERT INTO TB_LOJA(id_loja, cidade, estado) values('P0761','Cascavel','Paraná');
INSERT INTO TB_LOJA(id_loja, cidade, estado) values('SA7761','Salvador','Bahia');
INSERT INTO TB_LOJA(id_loja, cidade, estado) values('SP8822','São Paulo','São Paulo');
INSERT INTO TB_LOJA(id_loja, cidade, estado) values('S6543','Osasco','São Paulo');
INSERT INTO TB_LOJA(id_loja, cidade, estado) values('B7659','Campinas','São Paulo');
INSERT INTO TB_LOJA(id_loja, cidade, estado) values('A9991','Belo Horizonte','Minas Gerais');
INSERT INTO TB_LOJA(id_loja, cidade, estado) values('R1298','Campos','Rio de Janeiro');
INSERT INTO TB_LOJA(id_loja, cidade, estado) values('R1295','Rio de Janeiro','Rio de Janeiro');
INSERT INTO TB_LOJA(id_loja, cidade, estado) values('R1297','Petrópolis','Rio de Janeiro');

INSERT INTO TB_PRODUTO(id_produto,nome,categoria,segmento,marca)VALUES('SKU-0000002','Geladeira Duplex','Eletrodomésticos','Doméstico','Brastemp');
INSERT INTO TB_PRODUTO(id_produto,nome,categoria,segmento,marca)VALUES('SKU-0000007','Geladeira Duplex','Eletrodomésticos','Doméstico','Brastemp');
INSERT INTO TB_PRODUTO(id_produto,nome,categoria,segmento,marca)VALUES('SKU-0000009','Geladeira Duplex','Eletrodomésticos','Doméstico','Brastemp');
INSERT INTO TB_PRODUTO(id_produto,nome,categoria,segmento,marca)VALUES('SKU-0000011','Geladeira Duplex','Eletrodomésticos','Doméstico','Brastemp');
INSERT INTO TB_PRODUTO(id_produto,nome,categoria,segmento,marca)VALUES('SKU-0000012','Geladeira Duplex','Eletrodomésticos','Doméstico','Brastemp');
INSERT INTO TB_PRODUTO(id_produto,nome,categoria,segmento,marca)VALUES('SKU-0000013','Geladeira Duplex','Eletrodomésticos','Doméstico','Brastemp');
INSERT INTO TB_PRODUTO(id_produto,nome,categoria,segmento,marca)VALUES('SKU-0000014','Geladeira Duplex','Eletrodomésticos','Doméstico','Brastemp');
INSERT INTO TB_PRODUTO(id_produto,nome,categoria,segmento,marca)VALUES('SKU-0000015','Geladeira Duplex','Eletrodomésticos','Doméstico','Brastemp');
INSERT INTO TB_PRODUTO(id_produto,nome,categoria,segmento,marca)VALUES('SKU-0000028','Geladeira Duplex','Eletrodomésticos','Doméstico','Brastemp');
INSERT INTO TB_PRODUTO(id_produto,nome,categoria,segmento,marca)VALUES('SKU-0000029','Geladeira Duplex','Eletrodomésticos','Doméstico','Brastemp');
INSERT INTO TB_PRODUTO(id_produto,nome,categoria,segmento,marca)VALUES('SKU-0000030','Geladeira Duplex','Eletrodomésticos','Doméstico','Brastemp');
INSERT INTO TB_PRODUTO(id_produto,nome,categoria,segmento,marca)VALUES('SKU-0000031','Geladeira Duplex','Eletrodomésticos','Doméstico','Brastemp');
INSERT INTO TB_PRODUTO(id_produto,nome,categoria,segmento,marca)VALUES('SKU-0000032','Geladeira Duplex','Eletrodomésticos','Doméstico','Brastemp');
INSERT INTO TB_PRODUTO(id_produto,nome,categoria,segmento,marca)VALUES('SKU-0000033','Geladeira Duplex','Eletrodomésticos','Doméstico','Brastemp');
INSERT INTO TB_PRODUTO(id_produto,nome,categoria,segmento,marca)VALUES('SKU-0000034','Geladeira Duplex','Eletrodomésticos','Doméstico','Brastemp');
INSERT INTO TB_PRODUTO(id_produto,nome,categoria,segmento,marca)VALUES('SKU-0000035','Geladeira Duplex','Eletrodomésticos','Doméstico','Brastemp');
INSERT INTO TB_PRODUTO(id_produto,nome,categoria,segmento,marca)VALUES('SKU-0000036','Geladeira Duplex','Eletrodomésticos','Doméstico','Brastemp');
INSERT INTO TB_PRODUTO(id_produto,nome,categoria,segmento,marca)VALUES('SKU-0000037','Geladeira Duplex','Eletrodomésticos','Doméstico','Brastemp');
INSERT INTO TB_PRODUTO(id_produto,nome,categoria,segmento,marca)VALUES('SKU-0000038','Geladeira Duplex','Eletrodomésticos','Doméstico','Brastemp');
INSERT INTO TB_PRODUTO(id_produto,nome,categoria,segmento,marca)VALUES('SKU-0000039','Geladeira Duplex','Eletrodomésticos','Doméstico','Brastemp');
INSERT INTO TB_PRODUTO(id_produto,nome,categoria,segmento,marca)VALUES('SKU-0000136','Geladeira Duplex','Eletrodomésticos','Doméstico','Brastemp');
INSERT INTO TB_PRODUTO(id_produto,nome,categoria,segmento,marca)VALUES('SKU-0000137','Geladeira Duplex','Eletrodomésticos','Doméstico','Brastemp');
INSERT INTO TB_PRODUTO(id_produto,nome,categoria,segmento,marca)VALUES('SKU-0000138','Geladeira Duplex','Eletrodomésticos','Doméstico','Brastemp');
INSERT INTO TB_PRODUTO(id_produto,nome,categoria,segmento,marca)VALUES('SKU-0000139','Geladeira Duplex','Eletrodomésticos','Doméstico','Brastemp');
INSERT INTO TB_PRODUTO(id_produto,nome,categoria,segmento,marca)VALUES('SKU-0000141','Geladeira Duplex','Eletrodomésticos','Doméstico','Brastemp');
INSERT INTO TB_PRODUTO(id_produto,nome,categoria,segmento,marca)VALUES('SKU-0000143','Geladeira Duplex','Eletrodomésticos','Doméstico','Brastemp');
INSERT INTO TB_PRODUTO(id_produto,nome,categoria,segmento,marca)VALUES('SKU-0000144','Geladeira Duplex','Eletrodomésticos','Doméstico','Brastemp');
INSERT INTO TB_PRODUTO(id_produto,nome,categoria,segmento,marca)VALUES('SKU-0000145','Geladeira Duplex','Eletrodomésticos','Doméstico','Brastemp');
INSERT INTO TB_PRODUTO(id_produto,nome,categoria,segmento,marca)VALUES('SKU-0000146','Geladeira Duplex','Eletrodomésticos','Doméstico','Brastemp');
INSERT INTO TB_PRODUTO(id_produto,nome,categoria,segmento,marca)VALUES('SKU-0000147','Geladeira Duplex','Eletrodomésticos','Doméstico','Brastemp');
INSERT INTO TB_PRODUTO(id_produto,nome,categoria,segmento,marca)VALUES('SKU-0000149','Geladeira Duplex','Eletrodomésticos','Doméstico','Brastemp');
INSERT INTO TB_PRODUTO(id_produto,nome,categoria,segmento,marca)VALUES('SKU-0000150','Geladeira Duplex','Eletrodomésticos','Doméstico','Brastemp');
INSERT INTO TB_PRODUTO(id_produto,nome,categoria,segmento,marca)VALUES('SKU-0000152','Geladeira Duplex','Eletrodomésticos','Doméstico','Brastemp');
INSERT INTO TB_PRODUTO(id_produto,nome,categoria,segmento,marca)VALUES('SKU-0000153','Geladeira Duplex','Eletrodomésticos','Doméstico','Brastemp');
INSERT INTO TB_PRODUTO(id_produto,nome,categoria,segmento,marca)VALUES('SKU-0000154','Geladeira Duplex','Eletrodomésticos','Doméstico','Brastemp');
INSERT INTO TB_PRODUTO(id_produto,nome,categoria,segmento,marca)VALUES('SKU-0000156','Geladeira Duplex','Eletrodomésticos','Doméstico','Brastemp');
INSERT INTO TB_PRODUTO(id_produto,nome,categoria,segmento,marca)VALUES('SKU-0000161','Geladeira Duplex','Eletrodomésticos','Doméstico','Brastemp');
INSERT INTO TB_PRODUTO(id_produto,nome,categoria,segmento,marca)VALUES('SKU-0000162','Geladeira Duplex','Eletrodomésticos','Doméstico','Brastemp');
INSERT INTO TB_PRODUTO(id_produto,nome,categoria,segmento,marca)VALUES('SKU-0000163','Geladeira Duplex','Eletrodomésticos','Doméstico','Brastemp');
INSERT INTO TB_PRODUTO(id_produto,nome,categoria,segmento,marca)VALUES('SKU-0000164','Geladeira Duplex','Eletrodomésticos','Doméstico','Brastemp');
INSERT INTO TB_PRODUTO(id_produto,nome,categoria,segmento,marca)VALUES('SKU-0000165','Geladeira Duplex','Eletrodomésticos','Doméstico','Brastemp');
INSERT INTO TB_PRODUTO(id_produto,nome,categoria,segmento,marca)VALUES('SKU-0000166','Geladeira Duplex','Eletrodomésticos','Doméstico','Brastemp');
INSERT INTO TB_PRODUTO(id_produto,nome,categoria,segmento,marca)VALUES('SKU-0000167','Geladeira Duplex','Eletrodomésticos','Doméstico','Brastemp');
INSERT INTO TB_PRODUTO(id_produto,nome,categoria,segmento,marca)VALUES('SKU-0000168','Geladeira Duplex','Eletrodomésticos','Doméstico','Brastemp');
INSERT INTO TB_PRODUTO(id_produto,nome,categoria,segmento,marca)VALUES('SKU-0000169','Geladeira Duplex','Eletrodomésticos','Doméstico','Brastemp');
INSERT INTO TB_PRODUTO(id_produto,nome,categoria,segmento,marca)VALUES('SKU-0000182','Geladeira Duplex','Eletrodomésticos','Doméstico','Brastemp');
INSERT INTO TB_PRODUTO(id_produto,nome,categoria,segmento,marca)VALUES('SKU-0000183','Geladeira Duplex','Eletrodomésticos','Doméstico','Brastemp');
INSERT INTO TB_PRODUTO(id_produto,nome,categoria,segmento,marca)VALUES('SKU-0000184','Geladeira Duplex','Eletrodomésticos','Doméstico','Brastemp');
INSERT INTO TB_PRODUTO(id_produto,nome,categoria,segmento,marca)VALUES('SKU-0000185','Geladeira Duplex','Eletrodomésticos','Doméstico','Brastemp');
INSERT INTO TB_PRODUTO(id_produto,nome,categoria,segmento,marca)VALUES('SKU-0000186','Geladeira Duplex','Eletrodomésticos','Doméstico','Brastemp');
INSERT INTO TB_PRODUTO(id_produto,nome,categoria,segmento,marca)VALUES('SKU-0000187','Geladeira Duplex','Eletrodomésticos','Doméstico','Brastemp');
INSERT INTO TB_PRODUTO(id_produto,nome,categoria,segmento,marca)VALUES('SKU-0000188','Geladeira Duplex','Eletrodomésticos','Doméstico','Brastemp');
INSERT INTO TB_PRODUTO(id_produto,nome,categoria,segmento,marca)VALUES('SKU-0000189','Geladeira Duplex','Eletrodomésticos','Doméstico','Brastemp');
INSERT INTO TB_PRODUTO(id_produto,nome,categoria,segmento,marca)VALUES('SKU-0000190','Geladeira Duplex','Eletrodomésticos','Doméstico','Brastemp');
INSERT INTO TB_PRODUTO(id_produto,nome,categoria,segmento,marca)VALUES('SKU-0000191','Geladeira Duplex','Eletrodomésticos','Doméstico','Brastemp');
INSERT INTO TB_PRODUTO(id_produto,nome,categoria,segmento,marca)VALUES('SKU-0000192','Geladeira Duplex','Eletrodomésticos','Doméstico','Brastemp');
INSERT INTO TB_PRODUTO(id_produto,nome,categoria,segmento,marca)VALUES('SKU-0000193','Geladeira Duplex','Eletrodomésticos','Doméstico','Brastemp');
INSERT INTO TB_PRODUTO(id_produto,nome,categoria,segmento,marca)VALUES('SKU-0000440','Geladeira Duplex','Eletrodomésticos','Doméstico','Brastemp');
INSERT INTO TB_PRODUTO(id_produto,nome,categoria,segmento,marca)VALUES('SKU-0000441','Geladeira Duplex','Eletrodomésticos','Doméstico','Brastemp');
INSERT INTO TB_PRODUTO(id_produto,nome,categoria,segmento,marca)VALUES('SKU-0000442','Geladeira Duplex','Eletrodomésticos','Doméstico','Brastemp');
INSERT INTO TB_PRODUTO(id_produto,nome,categoria,segmento,marca)VALUES('SKU-0000443','Geladeira Duplex','Eletrodomésticos','Doméstico','Brastemp');
INSERT INTO TB_PRODUTO(id_produto,nome,categoria,segmento,marca)VALUES('SKU-0000445','Geladeira Duplex','Eletrodomésticos','Doméstico','Brastemp');
INSERT INTO TB_PRODUTO(id_produto,nome,categoria,segmento,marca)VALUES('SKU-0000447','Geladeira Duplex','Eletrodomésticos','Doméstico','Brastemp');
INSERT INTO TB_PRODUTO(id_produto,nome,categoria,segmento,marca)VALUES('SKU-0000448','Geladeira Duplex','Eletrodomésticos','Doméstico','Brastemp');
INSERT INTO TB_PRODUTO(id_produto,nome,categoria,segmento,marca)VALUES('SKU-0000449','Geladeira Duplex','Eletrodomésticos','Doméstico','Brastemp');
INSERT INTO TB_PRODUTO(id_produto,nome,categoria,segmento,marca)VALUES('SKU-0000450','Geladeira Duplex','Eletrodomésticos','Doméstico','Brastemp');
INSERT INTO TB_PRODUTO(id_produto,nome,categoria,segmento,marca)VALUES('SKU-0000451','Geladeira Duplex','Eletrodomésticos','Doméstico','Brastemp');
INSERT INTO TB_PRODUTO(id_produto,nome,categoria,segmento,marca)VALUES('SKU-0000453','Geladeira Duplex','Eletrodomésticos','Doméstico','Brastemp');
INSERT INTO TB_PRODUTO(id_produto,nome,categoria,segmento,marca)VALUES('SKU-0000454','Geladeira Duplex','Eletrodomésticos','Doméstico','Brastemp');
INSERT INTO TB_PRODUTO(id_produto,nome,categoria,segmento,marca)VALUES('SKU-0000456','Geladeira Duplex','Eletrodomésticos','Doméstico','Brastemp');
INSERT INTO TB_PRODUTO(id_produto,nome,categoria,segmento,marca)VALUES('SKU-0000457','Geladeira Duplex','Eletrodomésticos','Doméstico','Brastemp');
INSERT INTO TB_PRODUTO(id_produto,nome,categoria,segmento,marca)VALUES('SKU-0000008','Geladeira Duplex','Eletrodomésticos','Doméstico','Electrolux');
INSERT INTO TB_PRODUTO(id_produto,nome,categoria,segmento,marca)VALUES('SKU-0000010','Geladeira Duplex','Eletrodomésticos','Doméstico','Electrolux');
INSERT INTO TB_PRODUTO(id_produto,nome,categoria,segmento,marca)VALUES('SKU-0000290','Geladeira Duplex','Eletrodomésticos','Doméstico','Consul');
INSERT INTO TB_PRODUTO(id_produto,nome,categoria,segmento,marca)VALUES('SKU-0000291','Geladeira Duplex','Eletrodomésticos','Doméstico','Consul');
INSERT INTO TB_PRODUTO(id_produto,nome,categoria,segmento,marca)VALUES('SKU-0000292','Geladeira Duplex','Eletrodomésticos','Doméstico','Consul');
INSERT INTO TB_PRODUTO(id_produto,nome,categoria,segmento,marca)VALUES('SKU-0000293','Geladeira Duplex','Eletrodomésticos','Doméstico','Consul');
INSERT INTO TB_PRODUTO(id_produto,nome,categoria,segmento,marca)VALUES('SKU-0000295','Geladeira Duplex','Eletrodomésticos','Doméstico','Consul');
INSERT INTO TB_PRODUTO(id_produto,nome,categoria,segmento,marca)VALUES('SKU-0000297','Geladeira Duplex','Eletrodomésticos','Doméstico','Consul');
INSERT INTO TB_PRODUTO(id_produto,nome,categoria,segmento,marca)VALUES('SKU-0000298','Geladeira Duplex','Eletrodomésticos','Doméstico','Consul');
INSERT INTO TB_PRODUTO(id_produto,nome,categoria,segmento,marca)VALUES('SKU-0000299','Geladeira Duplex','Eletrodomésticos','Doméstico','Consul');
INSERT INTO TB_PRODUTO(id_produto,nome,categoria,segmento,marca)VALUES('SKU-0000300','Geladeira Duplex','Eletrodomésticos','Doméstico','Consul');
INSERT INTO TB_PRODUTO(id_produto,nome,categoria,segmento,marca)VALUES('SKU-0000301','Geladeira Duplex','Eletrodomésticos','Doméstico','Consul');
INSERT INTO TB_PRODUTO(id_produto,nome,categoria,segmento,marca)VALUES('SKU-0000303','Geladeira Duplex','Eletrodomésticos','Doméstico','Consul');
INSERT INTO TB_PRODUTO(id_produto,nome,categoria,segmento,marca)VALUES('SKU-0000304','Geladeira Duplex','Eletrodomésticos','Doméstico','Consul');
INSERT INTO TB_PRODUTO(id_produto,nome,categoria,segmento,marca)VALUES('SKU-0000306','Geladeira Duplex','Eletrodomésticos','Doméstico','Consul');
INSERT INTO TB_PRODUTO(id_produto,nome,categoria,segmento,marca)VALUES('SKU-0000307','Geladeira Duplex','Eletrodomésticos','Doméstico','Consul');
INSERT INTO TB_PRODUTO(id_produto,nome,categoria,segmento,marca)VALUES('SKU-0000308','Geladeira Duplex','Eletrodomésticos','Doméstico','Consul');
INSERT INTO TB_PRODUTO(id_produto,nome,categoria,segmento,marca)VALUES('SKU-0000310','Geladeira Duplex','Eletrodomésticos','Doméstico','Consul');
INSERT INTO TB_PRODUTO(id_produto,nome,categoria,segmento,marca)VALUES('SKU-0000315','Geladeira Duplex','Eletrodomésticos','Doméstico','Consul');
INSERT INTO TB_PRODUTO(id_produto,nome,categoria,segmento,marca)VALUES('SKU-0000316','Geladeira Duplex','Eletrodomésticos','Doméstico','Consul');
INSERT INTO TB_PRODUTO(id_produto,nome,categoria,segmento,marca)VALUES('SKU-0000317','Geladeira Duplex','Eletrodomésticos','Doméstico','Consul');
INSERT INTO TB_PRODUTO(id_produto,nome,categoria,segmento,marca)VALUES('SKU-0000318','Geladeira Duplex','Eletrodomésticos','Doméstico','Consul');
INSERT INTO TB_PRODUTO(id_produto,nome,categoria,segmento,marca)VALUES('SKU-0000319','Geladeira Duplex','Eletrodomésticos','Doméstico','Consul');
INSERT INTO TB_PRODUTO(id_produto,nome,categoria,segmento,marca)VALUES('SKU-0000320','Geladeira Duplex','Eletrodomésticos','Doméstico','Consul');
INSERT INTO TB_PRODUTO(id_produto,nome,categoria,segmento,marca)VALUES('SKU-0000321','Geladeira Duplex','Eletrodomésticos','Doméstico','Consul');
INSERT INTO TB_PRODUTO(id_produto,nome,categoria,segmento,marca)VALUES('SKU-0000322','Geladeira Duplex','Eletrodomésticos','Doméstico','Consul');
INSERT INTO TB_PRODUTO(id_produto,nome,categoria,segmento,marca)VALUES('SKU-0000323','Geladeira Duplex','Eletrodomésticos','Doméstico','Consul');
INSERT INTO TB_PRODUTO(id_produto,nome,categoria,segmento,marca)VALUES('SKU-0000336','Geladeira Duplex','Eletrodomésticos','Doméstico','Consul');
INSERT INTO TB_PRODUTO(id_produto,nome,categoria,segmento,marca)VALUES('SKU-0000337','Geladeira Duplex','Eletrodomésticos','Doméstico','Consul');
INSERT INTO TB_PRODUTO(id_produto,nome,categoria,segmento,marca)VALUES('SKU-0000338','Geladeira Duplex','Eletrodomésticos','Doméstico','Consul');
INSERT INTO TB_PRODUTO(id_produto,nome,categoria,segmento,marca)VALUES('SKU-0000339','Geladeira Duplex','Eletrodomésticos','Doméstico','Consul');
INSERT INTO TB_PRODUTO(id_produto,nome,categoria,segmento,marca)VALUES('SKU-0000340','Geladeira Duplex','Eletrodomésticos','Doméstico','Consul');
INSERT INTO TB_PRODUTO(id_produto,nome,categoria,segmento,marca)VALUES('SKU-0000341','Geladeira Duplex','Eletrodomésticos','Doméstico','Consul');
INSERT INTO TB_PRODUTO(id_produto,nome,categoria,segmento,marca)VALUES('SKU-0000342','Geladeira Duplex','Eletrodomésticos','Doméstico','Consul');
INSERT INTO TB_PRODUTO(id_produto,nome,categoria,segmento,marca)VALUES('SKU-0000343','Geladeira Duplex','Eletrodomésticos','Doméstico','Consul');
INSERT INTO TB_PRODUTO(id_produto,nome,categoria,segmento,marca)VALUES('SKU-0000344','Geladeira Duplex','Eletrodomésticos','Doméstico','Consul');
INSERT INTO TB_PRODUTO(id_produto,nome,categoria,segmento,marca)VALUES('SKU-0000345','Geladeira Duplex','Eletrodomésticos','Doméstico','Consul');
INSERT INTO TB_PRODUTO(id_produto,nome,categoria,segmento,marca)VALUES('SKU-0000346','Geladeira Duplex','Eletrodomésticos','Doméstico','Consul');
INSERT INTO TB_PRODUTO(id_produto,nome,categoria,segmento,marca)VALUES('SKU-0000347','Geladeira Duplex','Eletrodomésticos','Doméstico','Consul');
INSERT INTO TB_PRODUTO(id_produto,nome,categoria,segmento,marca)VALUES('SKU-0000003','Lavadora 11 Kg','Eletrodomésticos','Doméstico','Brastemp');
INSERT INTO TB_PRODUTO(id_produto,nome,categoria,segmento,marca)VALUES('SKU-0000004','Lavadora 11 Kg','Eletrodomésticos','Doméstico','Brastemp');
INSERT INTO TB_PRODUTO(id_produto,nome,categoria,segmento,marca)VALUES('SKU-0000005','Lavadora 11 Kg','Eletrodomésticos','Doméstico','Electrolux');
INSERT INTO TB_PRODUTO(id_produto,nome,categoria,segmento,marca)VALUES('SKU-0000006','Lavadora 11 Kg','Eletrodomésticos','Doméstico','Brastemp');
INSERT INTO TB_PRODUTO(id_produto,nome,categoria,segmento,marca)VALUES('SKU-0000016','Lavadora 11 Kg','Eletrodomésticos','Doméstico','Electrolux');
INSERT INTO TB_PRODUTO(id_produto,nome,categoria,segmento,marca)VALUES('SKU-0000017','Lavadora 11 Kg','Eletrodomésticos','Doméstico','Brastemp');
INSERT INTO TB_PRODUTO(id_produto,nome,categoria,segmento,marca)VALUES('SKU-0000018','Lavadora 11 Kg','Eletrodomésticos','Doméstico','Brastemp');
INSERT INTO TB_PRODUTO(id_produto,nome,categoria,segmento,marca)VALUES('SKU-0000019','Lavadora 11 Kg','Eletrodomésticos','Doméstico','Electrolux');
INSERT INTO TB_PRODUTO(id_produto,nome,categoria,segmento,marca)VALUES('SKU-0000020','Lavadora 11 Kg','Eletrodomésticos','Doméstico','Brastemp');
INSERT INTO TB_PRODUTO(id_produto,nome,categoria,segmento,marca)VALUES('SKU-0000021','Lavadora 11 Kg','Eletrodomésticos','Doméstico','Brastemp');
INSERT INTO TB_PRODUTO(id_produto,nome,categoria,segmento,marca)VALUES('SKU-0000022','Lavadora 11 Kg','Eletrodomésticos','Doméstico','Brastemp');
INSERT INTO TB_PRODUTO(id_produto,nome,categoria,segmento,marca)VALUES('SKU-0000023','Lavadora 11 Kg','Eletrodomésticos','Doméstico','Brastemp');
INSERT INTO TB_PRODUTO(id_produto,nome,categoria,segmento,marca)VALUES('SKU-0000024','Lavadora 11 Kg','Eletrodomésticos','Doméstico','Electrolux');
INSERT INTO TB_PRODUTO(id_produto,nome,categoria,segmento,marca)VALUES('SKU-0000025','Lavadora 11 Kg','Eletrodomésticos','Doméstico','Brastemp');
INSERT INTO TB_PRODUTO(id_produto,nome,categoria,segmento,marca)VALUES('SKU-0000026','Lavadora 11 Kg','Eletrodomésticos','Doméstico','Brastemp');
INSERT INTO TB_PRODUTO(id_produto,nome,categoria,segmento,marca)VALUES('SKU-0000027','Lavadora 11 Kg','Eletrodomésticos','Doméstico','Electrolux');
INSERT INTO TB_PRODUTO(id_produto,nome,categoria,segmento,marca)VALUES('SKU-0000065','Grill','Eletrodomésticos','Doméstico','Panasonic');
INSERT INTO TB_PRODUTO(id_produto,nome,categoria,segmento,marca)VALUES('SKU-0000066','Micro-Ondas','Eletrodomésticos','Doméstico','Panasonic');
INSERT INTO TB_PRODUTO(id_produto,nome,categoria,segmento,marca)VALUES('SKU-0000067','Forno-Micro-Ondas','Eletrodomésticos','Doméstico','Panasonic');
INSERT INTO TB_PRODUTO(id_produto,nome,categoria,segmento,marca)VALUES('SKU-0000068','Micro-Ondas','Eletrodomésticos','Doméstico','Panasonic');
INSERT INTO TB_PRODUTO(id_produto,nome,categoria,segmento,marca)VALUES('SKU-0000069','Micro-Ondas','Eletrodomésticos','Doméstico','Panasonic');
INSERT INTO TB_PRODUTO(id_produto,nome,categoria,segmento,marca)VALUES('SKU-0000070','Micro-Ondas','Eletrodomésticos','Doméstico','Panasonic');
INSERT INTO TB_PRODUTO(id_produto,nome,categoria,segmento,marca)VALUES('SKU-0000071','Micro-Ondas','Eletrodomésticos','Doméstico','Panasonic');
INSERT INTO TB_PRODUTO(id_produto,nome,categoria,segmento,marca)VALUES('SKU-0000072','Micro-Ondas','Eletrodomésticos','Doméstico','Panasonic');
INSERT INTO TB_PRODUTO(id_produto,nome,categoria,segmento,marca)VALUES('SKU-0000073','Micro-Ondas','Eletrodomésticos','Doméstico','Panasonic');
INSERT INTO TB_PRODUTO(id_produto,nome,categoria,segmento,marca)VALUES('SKU-0000074','Micro-Ondas','Eletrodomésticos','Doméstico','Panasonic');
INSERT INTO TB_PRODUTO(id_produto,nome,categoria,segmento,marca)VALUES('SKU-0000075','Micro-Ondas','Eletrodomésticos','Doméstico','Panasonic');
INSERT INTO TB_PRODUTO(id_produto,nome,categoria,segmento,marca)VALUES('SKU-0000076','Micro-Ondas','Eletrodomésticos','Doméstico','Panasonic');
INSERT INTO TB_PRODUTO(id_produto,nome,categoria,segmento,marca)VALUES('SKU-0000077','Micro-Ondas','Eletrodomésticos','Doméstico','Panasonic');
INSERT INTO TB_PRODUTO(id_produto,nome,categoria,segmento,marca)VALUES('SKU-0000078','Grill','Eletrodomésticos','Doméstico','Panasonic');
INSERT INTO TB_PRODUTO(id_produto,nome,categoria,segmento,marca)VALUES('SKU-0000079','Grill','Eletrodomésticos','Doméstico','Panasonic');
INSERT INTO TB_PRODUTO(id_produto,nome,categoria,segmento,marca)VALUES('SKU-0000080','Grill','Eletrodomésticos','Doméstico','Panasonic');
INSERT INTO TB_PRODUTO(id_produto,nome,categoria,segmento,marca)VALUES('SKU-0000081','Micro-Ondas','Eletrodomésticos','Doméstico','Panasonic');
INSERT INTO TB_PRODUTO(id_produto,nome,categoria,segmento,marca)VALUES('SKU-0000082','Micro-Ondas','Eletrodomésticos','Doméstico','Panasonic');
INSERT INTO TB_PRODUTO(id_produto,nome,categoria,segmento,marca)VALUES('SKU-0000083','Forno-Micro-Ondas','Eletrodomésticos','Doméstico','Panasonic');
INSERT INTO TB_PRODUTO(id_produto,nome,categoria,segmento,marca)VALUES('SKU-0000084','Forno-Micro-Ondas','Eletrodomésticos','Doméstico','Panasonic');
INSERT INTO TB_PRODUTO(id_produto,nome,categoria,segmento,marca)VALUES('SKU-0000085','Forno-Micro-Ondas','Eletrodomésticos','Doméstico','Consul');
INSERT INTO TB_PRODUTO(id_produto,nome,categoria,segmento,marca)VALUES('SKU-0000086','Forno-Micro-Ondas','Eletrodomésticos','Doméstico','Consul');
INSERT INTO TB_PRODUTO(id_produto,nome,categoria,segmento,marca)VALUES('SKU-0000087','Forno-Micro-Ondas','Eletrodomésticos','Doméstico','Consul');
INSERT INTO TB_PRODUTO(id_produto,nome,categoria,segmento,marca)VALUES('SKU-0000124','Secadora Vapor','Eletrodomésticos','Doméstico','Brastemp');
INSERT INTO TB_PRODUTO(id_produto,nome,categoria,segmento,marca)VALUES('SKU-0000125','Secadora Vapor','Eletrodomésticos','Doméstico','Brastemp');
INSERT INTO TB_PRODUTO(id_produto,nome,categoria,segmento,marca)VALUES('SKU-0000126','Secadora Vapor','Eletrodomésticos','Doméstico','Brastemp');
INSERT INTO TB_PRODUTO(id_produto,nome,categoria,segmento,marca)VALUES('SKU-0000127','Secadora Vapor','Eletrodomésticos','Doméstico','Brastemp');
INSERT INTO TB_PRODUTO(id_produto,nome,categoria,segmento,marca)VALUES('SKU-0000128','Secadora Vapor','Eletrodomésticos','Doméstico','Brastemp');
INSERT INTO TB_PRODUTO(id_produto,nome,categoria,segmento,marca)VALUES('SKU-0000129','Secadora Vapor','Eletrodomésticos','Doméstico','Brastemp');
INSERT INTO TB_PRODUTO(id_produto,nome,categoria,segmento,marca)VALUES('SKU-0000130','Secadora Vapor','Eletrodomésticos','Doméstico','Brastemp');
INSERT INTO TB_PRODUTO(id_produto,nome,categoria,segmento,marca)VALUES('SKU-0000131','Secadora Vapor','Eletrodomésticos','Doméstico','Brastemp');
INSERT INTO TB_PRODUTO(id_produto,nome,categoria,segmento,marca)VALUES('SKU-0000132','Secadora Vapor','Eletrodomésticos','Doméstico','Brastemp');
INSERT INTO TB_PRODUTO(id_produto,nome,categoria,segmento,marca)VALUES('SKU-0000133','Secadora Vapor','Eletrodomésticos','Doméstico','Brastemp');
INSERT INTO TB_PRODUTO(id_produto,nome,categoria,segmento,marca)VALUES('SKU-0000134','Secadora Vapor','Eletrodomésticos','Doméstico','Brastemp');
INSERT INTO TB_PRODUTO(id_produto,nome,categoria,segmento,marca)VALUES('SKU-0000135','Secadora Vapor','Eletrodomésticos','Doméstico','Brastemp');
INSERT INTO TB_PRODUTO(id_produto,nome,categoria,segmento,marca)VALUES('SKU-0000218','Forno-Micro-Ondas','Eletrodomésticos','Doméstico','Consul');
INSERT INTO TB_PRODUTO(id_produto,nome,categoria,segmento,marca)VALUES('SKU-0000219','Forno-Micro-Ondas','Eletrodomésticos','Doméstico','Consul');
INSERT INTO TB_PRODUTO(id_produto,nome,categoria,segmento,marca)VALUES('SKU-0000220','Grill','Eletrodomésticos','Doméstico','Consul');
INSERT INTO TB_PRODUTO(id_produto,nome,categoria,segmento,marca)VALUES('SKU-0000221','Grill','Eletrodomésticos','Doméstico','Consul');
INSERT INTO TB_PRODUTO(id_produto,nome,categoria,segmento,marca)VALUES('SKU-0000222','Grill','Eletrodomésticos','Doméstico','Consul');
INSERT INTO TB_PRODUTO(id_produto,nome,categoria,segmento,marca)VALUES('SKU-0000223','Grill','Eletrodomésticos','Doméstico','Consul');
INSERT INTO TB_PRODUTO(id_produto,nome,categoria,segmento,marca)VALUES('SKU-0000224','Grill','Eletrodomésticos','Doméstico','Consul');
INSERT INTO TB_PRODUTO(id_produto,nome,categoria,segmento,marca)VALUES('SKU-0000225','Forno-Micro-Ondas','Eletrodomésticos','Doméstico','Consul');
INSERT INTO TB_PRODUTO(id_produto,nome,categoria,segmento,marca)VALUES('SKU-0000226','Forno-Micro-Ondas','Eletrodomésticos','Doméstico','Consul');
INSERT INTO TB_PRODUTO(id_produto,nome,categoria,segmento,marca)VALUES('SKU-0000227','Forno-Micro-Ondas','Eletrodomésticos','Doméstico','Consul');
INSERT INTO TB_PRODUTO(id_produto,nome,categoria,segmento,marca)VALUES('SKU-0000228','Micro-Ondas','Eletrodomésticos','Doméstico','Consul');
INSERT INTO TB_PRODUTO(id_produto,nome,categoria,segmento,marca)VALUES('SKU-0000229','Micro-Ondas','Eletrodomésticos','Doméstico','Consul');
INSERT INTO TB_PRODUTO(id_produto,nome,categoria,segmento,marca)VALUES('SKU-0000230','Micro-Ondas','Eletrodomésticos','Doméstico','Consul');
INSERT INTO TB_PRODUTO(id_produto,nome,categoria,segmento,marca)VALUES('SKU-0000231','Micro-Ondas','Eletrodomésticos','Doméstico','Consul');
INSERT INTO TB_PRODUTO(id_produto,nome,categoria,segmento,marca)VALUES('SKU-0000232','Micro-Ondas','Eletrodomésticos','Doméstico','Consul');
INSERT INTO TB_PRODUTO(id_produto,nome,categoria,segmento,marca)VALUES('SKU-0000233','Micro-Ondas','Eletrodomésticos','Doméstico','Consul');
INSERT INTO TB_PRODUTO(id_produto,nome,categoria,segmento,marca)VALUES('SKU-0000234','Micro-Ondas','Eletrodomésticos','Doméstico','Consul');
INSERT INTO TB_PRODUTO(id_produto,nome,categoria,segmento,marca)VALUES('SKU-0000235','Micro-Ondas','Eletrodomésticos','Doméstico','Consul');
INSERT INTO TB_PRODUTO(id_produto,nome,categoria,segmento,marca)VALUES('SKU-0000236','Micro-Ondas','Eletrodomésticos','Doméstico','Consul');
INSERT INTO TB_PRODUTO(id_produto,nome,categoria,segmento,marca)VALUES('SKU-0000237','Micro-Ondas','Eletrodomésticos','Doméstico','Consul');
INSERT INTO TB_PRODUTO(id_produto,nome,categoria,segmento,marca)VALUES('SKU-0000238','Micro-Ondas','Eletrodomésticos','Doméstico','Consul');
INSERT INTO TB_PRODUTO(id_produto,nome,categoria,segmento,marca)VALUES('SKU-0000239','Micro-Ondas','Eletrodomésticos','Doméstico','Consul');
INSERT INTO TB_PRODUTO(id_produto,nome,categoria,segmento,marca)VALUES('SKU-0000240','Micro-Ondas','Eletrodomésticos','Doméstico','Consul');
INSERT INTO TB_PRODUTO(id_produto,nome,categoria,segmento,marca)VALUES('SKU-0000241','Micro-Ondas','Eletrodomésticos','Doméstico','Consul');
INSERT INTO TB_PRODUTO(id_produto,nome,categoria,segmento,marca)VALUES('SKU-0000372','Micro-Ondas','Eletrodomésticos','Doméstico','Consul');
INSERT INTO TB_PRODUTO(id_produto,nome,categoria,segmento,marca)VALUES('SKU-0000373','Micro-Ondas','Eletrodomésticos','Doméstico','Consul');
INSERT INTO TB_PRODUTO(id_produto,nome,categoria,segmento,marca)VALUES('SKU-0000374','Micro-Ondas','Eletrodomésticos','Doméstico','Consul');
INSERT INTO TB_PRODUTO(id_produto,nome,categoria,segmento,marca)VALUES('SKU-0000375','Micro-Ondas','Eletrodomésticos','Doméstico','Consul');
INSERT INTO TB_PRODUTO(id_produto,nome,categoria,segmento,marca)VALUES('SKU-0000376','Micro-Ondas','Eletrodomésticos','Doméstico','Consul');
INSERT INTO TB_PRODUTO(id_produto,nome,categoria,segmento,marca)VALUES('SKU-0000377','Micro-Ondas','Eletrodomésticos','Doméstico','Consul');
INSERT INTO TB_PRODUTO(id_produto,nome,categoria,segmento,marca)VALUES('SKU-0000378','Micro-Ondas','Eletrodomésticos','Doméstico','Consul');
INSERT INTO TB_PRODUTO(id_produto,nome,categoria,segmento,marca)VALUES('SKU-0000379','Micro-Ondas','Eletrodomésticos','Doméstico','Consul');
INSERT INTO TB_PRODUTO(id_produto,nome,categoria,segmento,marca)VALUES('SKU-0000380','Micro-Ondas','Eletrodomésticos','Doméstico','Consul');
INSERT INTO TB_PRODUTO(id_produto,nome,categoria,segmento,marca)VALUES('SKU-0000381','Micro-Ondas','Eletrodomésticos','Doméstico','Consul');
INSERT INTO TB_PRODUTO(id_produto,nome,categoria,segmento,marca)VALUES('SKU-0000382','Micro-Ondas','Eletrodomésticos','Doméstico','Consul');
INSERT INTO TB_PRODUTO(id_produto,nome,categoria,segmento,marca)VALUES('SKU-0000383','Micro-Ondas','Eletrodomésticos','Doméstico','Consul');
INSERT INTO TB_PRODUTO(id_produto,nome,categoria,segmento,marca)VALUES('SKU-0000384','Micro-Ondas','Eletrodomésticos','Doméstico','Consul');
INSERT INTO TB_PRODUTO(id_produto,nome,categoria,segmento,marca)VALUES('SKU-0000385','Micro-Ondas','Eletrodomésticos','Doméstico','Consul');
INSERT INTO TB_PRODUTO(id_produto,nome,categoria,segmento,marca)VALUES('SKU-0000386','Micro-Ondas','Eletrodomésticos','Doméstico','Consul');
INSERT INTO TB_PRODUTO(id_produto,nome,categoria,segmento,marca)VALUES('SKU-0000387','Micro-Ondas','Eletrodomésticos','Doméstico','Consul');
INSERT INTO TB_PRODUTO(id_produto,nome,categoria,segmento,marca)VALUES('SKU-0000388','Micro-Ondas','Eletrodomésticos','Doméstico','Consul');
INSERT INTO TB_PRODUTO(id_produto,nome,categoria,segmento,marca)VALUES('SKU-0000389','Micro-Ondas','Eletrodomésticos','Doméstico','Consul');
INSERT INTO TB_PRODUTO(id_produto,nome,categoria,segmento,marca)VALUES('SKU-0000390','Micro-Ondas','Eletrodomésticos','Doméstico','Consul');
INSERT INTO TB_PRODUTO(id_produto,nome,categoria,segmento,marca)VALUES('SKU-0000391','Micro-Ondas','Eletrodomésticos','Doméstico','Consul');
INSERT INTO TB_PRODUTO(id_produto,nome,categoria,segmento,marca)VALUES('SKU-0000392','Micro-Ondas','Eletrodomésticos','Doméstico','Panasonic');
INSERT INTO TB_PRODUTO(id_produto,nome,categoria,segmento,marca)VALUES('SKU-0000393','Micro-Ondas','Eletrodomésticos','Doméstico','Panasonic');
INSERT INTO TB_PRODUTO(id_produto,nome,categoria,segmento,marca)VALUES('SKU-0000394','Micro-Ondas','Eletrodomésticos','Doméstico','Panasonic');
INSERT INTO TB_PRODUTO(id_produto,nome,categoria,segmento,marca)VALUES('SKU-0000395','Micro-Ondas','Eletrodomésticos','Doméstico','Panasonic');
INSERT INTO TB_PRODUTO(id_produto,nome,categoria,segmento,marca)VALUES('SKU-0000396','Micro-Ondas','Eletrodomésticos','Doméstico','Panasonic');
INSERT INTO TB_PRODUTO(id_produto,nome,categoria,segmento,marca)VALUES('SKU-0000397','Micro-Ondas','Eletrodomésticos','Doméstico','Panasonic');
INSERT INTO TB_PRODUTO(id_produto,nome,categoria,segmento,marca)VALUES('SKU-0000398','Micro-Ondas','Eletrodomésticos','Doméstico','Panasonic');
INSERT INTO TB_PRODUTO(id_produto,nome,categoria,segmento,marca)VALUES('SKU-0000399','Micro-Ondas','Eletrodomésticos','Doméstico','Panasonic');
INSERT INTO TB_PRODUTO(id_produto,nome,categoria,segmento,marca)VALUES('SKU-0000401','Ar Condicionado','Eletrodomésticos','Doméstico','Samsung');
INSERT INTO TB_PRODUTO(id_produto,nome,categoria,segmento,marca)VALUES('SKU-0000403','Ar Condicionado','Eletrodomésticos','Doméstico','Samsung');
INSERT INTO TB_PRODUTO(id_produto,nome,categoria,segmento,marca)VALUES('SKU-0000088','Fritadeira','Eletroportáteis','Doméstico','Arno');
INSERT INTO TB_PRODUTO(id_produto,nome,categoria,segmento,marca)VALUES('SKU-0000090','Aspirador','Eletroportáteis','Doméstico','Britânia');
INSERT INTO TB_PRODUTO(id_produto,nome,categoria,segmento,marca)VALUES('SKU-0000092','Aspirador','Eletroportáteis','Doméstico','Britânia');
INSERT INTO TB_PRODUTO(id_produto,nome,categoria,segmento,marca)VALUES('SKU-0000094','Aspirador','Eletroportáteis','Doméstico','Britânia');
INSERT INTO TB_PRODUTO(id_produto,nome,categoria,segmento,marca)VALUES('SKU-0000096','Aspirador','Eletroportáteis','Doméstico','Britânia');
INSERT INTO TB_PRODUTO(id_produto,nome,categoria,segmento,marca)VALUES('SKU-0000098','Aspirador','Eletroportáteis','Doméstico','Britânia');
INSERT INTO TB_PRODUTO(id_produto,nome,categoria,segmento,marca)VALUES('SKU-0000099','Aspirador','Eletroportáteis','Doméstico','Britânia');
INSERT INTO TB_PRODUTO(id_produto,nome,categoria,segmento,marca)VALUES('SKU-0000100','Aspirador','Eletroportáteis','Doméstico','Britânia');
INSERT INTO TB_PRODUTO(id_produto,nome,categoria,segmento,marca)VALUES('SKU-0000101','Aspirador','Eletroportáteis','Doméstico','Britânia');
INSERT INTO TB_PRODUTO(id_produto,nome,categoria,segmento,marca)VALUES('SKU-0000102','Aspirador','Eletroportáteis','Doméstico','Britânia');
INSERT INTO TB_PRODUTO(id_produto,nome,categoria,segmento,marca)VALUES('SKU-0000103','Aspirador','Eletroportáteis','Doméstico','Britânia');
INSERT INTO TB_PRODUTO(id_produto,nome,categoria,segmento,marca)VALUES('SKU-0000104','Aspirador','Eletroportáteis','Doméstico','Britânia');
INSERT INTO TB_PRODUTO(id_produto,nome,categoria,segmento,marca)VALUES('SKU-0000105','Aspirador','Eletroportáteis','Doméstico','Britânia');
INSERT INTO TB_PRODUTO(id_produto,nome,categoria,segmento,marca)VALUES('SKU-0000106','Aspirador','Eletroportáteis','Doméstico','Britânia');
INSERT INTO TB_PRODUTO(id_produto,nome,categoria,segmento,marca)VALUES('SKU-0000107','Aspirador','Eletroportáteis','Doméstico','Britânia');
INSERT INTO TB_PRODUTO(id_produto,nome,categoria,segmento,marca)VALUES('SKU-0000108','Aspirador','Eletroportáteis','Doméstico','Britânia');
INSERT INTO TB_PRODUTO(id_produto,nome,categoria,segmento,marca)VALUES('SKU-0000109','Aspirador','Eletroportáteis','Doméstico','Britânia');
INSERT INTO TB_PRODUTO(id_produto,nome,categoria,segmento,marca)VALUES('SKU-0000110','Aspirador','Eletroportáteis','Doméstico','Britânia');
INSERT INTO TB_PRODUTO(id_produto,nome,categoria,segmento,marca)VALUES('SKU-0000111','Aspirador','Eletroportáteis','Doméstico','Britânia');
INSERT INTO TB_PRODUTO(id_produto,nome,categoria,segmento,marca)VALUES('SKU-0000194','Aspirador','Eletroportáteis','Doméstico','Britânia');
INSERT INTO TB_PRODUTO(id_produto,nome,categoria,segmento,marca)VALUES('SKU-0000195','Aspirador','Eletroportáteis','Doméstico','Britânia');
INSERT INTO TB_PRODUTO(id_produto,nome,categoria,segmento,marca)VALUES('SKU-0000196','Aspirador','Eletroportáteis','Doméstico','Britânia');
INSERT INTO TB_PRODUTO(id_produto,nome,categoria,segmento,marca)VALUES('SKU-0000197','Aspirador','Eletroportáteis','Doméstico','Britânia');
INSERT INTO TB_PRODUTO(id_produto,nome,categoria,segmento,marca)VALUES('SKU-0000198','Fritadeira','Eletroportáteis','Doméstico','Arno');
INSERT INTO TB_PRODUTO(id_produto,nome,categoria,segmento,marca)VALUES('SKU-0000199','Fritadeira','Eletroportáteis','Doméstico','Arno');
INSERT INTO TB_PRODUTO(id_produto,nome,categoria,segmento,marca)VALUES('SKU-0000200','Fritadeira','Eletroportáteis','Doméstico','Arno');
INSERT INTO TB_PRODUTO(id_produto,nome,categoria,segmento,marca)VALUES('SKU-0000201','Fritadeira','Eletroportáteis','Doméstico','Arno');
INSERT INTO TB_PRODUTO(id_produto,nome,categoria,segmento,marca)VALUES('SKU-0000202','Fritadeira','Eletroportáteis','Doméstico','Arno');
INSERT INTO TB_PRODUTO(id_produto,nome,categoria,segmento,marca)VALUES('SKU-0000203','Fritadeira','Eletroportáteis','Doméstico','Arno');
INSERT INTO TB_PRODUTO(id_produto,nome,categoria,segmento,marca)VALUES('SKU-0000204','Fritadeira','Eletroportáteis','Doméstico','Arno');
INSERT INTO TB_PRODUTO(id_produto,nome,categoria,segmento,marca)VALUES('SKU-0000205','Fritadeira','Eletroportáteis','Doméstico','Arno');
INSERT INTO TB_PRODUTO(id_produto,nome,categoria,segmento,marca)VALUES('SKU-0000206','Fritadeira','Eletroportáteis','Doméstico','Arno');
INSERT INTO TB_PRODUTO(id_produto,nome,categoria,segmento,marca)VALUES('SKU-0000207','Fritadeira','Eletroportáteis','Doméstico','Arno');
INSERT INTO TB_PRODUTO(id_produto,nome,categoria,segmento,marca)VALUES('SKU-0000208','Fritadeira','Eletroportáteis','Doméstico','Arno');
INSERT INTO TB_PRODUTO(id_produto,nome,categoria,segmento,marca)VALUES('SKU-0000209','Fritadeira','Eletroportáteis','Doméstico','Arno');
INSERT INTO TB_PRODUTO(id_produto,nome,categoria,segmento,marca)VALUES('SKU-0000210','Fritadeira','Eletroportáteis','Doméstico','Arno');
INSERT INTO TB_PRODUTO(id_produto,nome,categoria,segmento,marca)VALUES('SKU-0000211','Fritadeira','Eletroportáteis','Doméstico','Arno');
INSERT INTO TB_PRODUTO(id_produto,nome,categoria,segmento,marca)VALUES('SKU-0000212','Fritadeira','Eletroportáteis','Doméstico','Arno');
INSERT INTO TB_PRODUTO(id_produto,nome,categoria,segmento,marca)VALUES('SKU-0000213','Fritadeira','Eletroportáteis','Doméstico','Arno');
INSERT INTO TB_PRODUTO(id_produto,nome,categoria,segmento,marca)VALUES('SKU-0000214','Fritadeira','Eletroportáteis','Doméstico','Arno');
INSERT INTO TB_PRODUTO(id_produto,nome,categoria,segmento,marca)VALUES('SKU-0000215','Fritadeira','Eletroportáteis','Doméstico','Arno');
INSERT INTO TB_PRODUTO(id_produto,nome,categoria,segmento,marca)VALUES('SKU-0000216','Fritadeira','Eletroportáteis','Doméstico','Arno');
INSERT INTO TB_PRODUTO(id_produto,nome,categoria,segmento,marca)VALUES('SKU-0000217','Aspirador','Eletroportáteis','Doméstico','Britânia');
INSERT INTO TB_PRODUTO(id_produto,nome,categoria,segmento,marca)VALUES('SKU-0000242','Aspirador','Eletroportáteis','Doméstico','Britânia');
INSERT INTO TB_PRODUTO(id_produto,nome,categoria,segmento,marca)VALUES('SKU-0000244','Aspirador','Eletroportáteis','Doméstico','Britânia');
INSERT INTO TB_PRODUTO(id_produto,nome,categoria,segmento,marca)VALUES('SKU-0000246','Aspirador','Eletroportáteis','Doméstico','Britânia');
INSERT INTO TB_PRODUTO(id_produto,nome,categoria,segmento,marca)VALUES('SKU-0000248','Aspirador','Eletroportáteis','Doméstico','Britânia');
INSERT INTO TB_PRODUTO(id_produto,nome,categoria,segmento,marca)VALUES('SKU-0000250','Aspirador','Eletroportáteis','Doméstico','Britânia');
INSERT INTO TB_PRODUTO(id_produto,nome,categoria,segmento,marca)VALUES('SKU-0000252','Aspirador','Eletroportáteis','Doméstico','Britânia');
INSERT INTO TB_PRODUTO(id_produto,nome,categoria,segmento,marca)VALUES('SKU-0000253','Aspirador','Eletroportáteis','Doméstico','Britânia');
INSERT INTO TB_PRODUTO(id_produto,nome,categoria,segmento,marca)VALUES('SKU-0000254','Aspirador','Eletroportáteis','Doméstico','Britânia');
INSERT INTO TB_PRODUTO(id_produto,nome,categoria,segmento,marca)VALUES('SKU-0000255','Aspirador','Eletroportáteis','Doméstico','Britânia');
INSERT INTO TB_PRODUTO(id_produto,nome,categoria,segmento,marca)VALUES('SKU-0000256','Aspirador','Eletroportáteis','Doméstico','Britânia');
INSERT INTO TB_PRODUTO(id_produto,nome,categoria,segmento,marca)VALUES('SKU-0000257','Aspirador','Eletroportáteis','Doméstico','Britânia');
INSERT INTO TB_PRODUTO(id_produto,nome,categoria,segmento,marca)VALUES('SKU-0000258','Aspirador','Eletroportáteis','Doméstico','Britânia');
INSERT INTO TB_PRODUTO(id_produto,nome,categoria,segmento,marca)VALUES('SKU-0000259','Aspirador','Eletroportáteis','Doméstico','Britânia');
INSERT INTO TB_PRODUTO(id_produto,nome,categoria,segmento,marca)VALUES('SKU-0000260','Aspirador','Eletroportáteis','Doméstico','Britânia');
INSERT INTO TB_PRODUTO(id_produto,nome,categoria,segmento,marca)VALUES('SKU-0000261','Aspirador','Eletroportáteis','Doméstico','Britânia');
INSERT INTO TB_PRODUTO(id_produto,nome,categoria,segmento,marca)VALUES('SKU-0000262','Aspirador','Eletroportáteis','Doméstico','Britânia');
INSERT INTO TB_PRODUTO(id_produto,nome,categoria,segmento,marca)VALUES('SKU-0000263','Aspirador','Eletroportáteis','Doméstico','Britânia');
INSERT INTO TB_PRODUTO(id_produto,nome,categoria,segmento,marca)VALUES('SKU-0000264','Aspirador','Eletroportáteis','Doméstico','Britânia');
INSERT INTO TB_PRODUTO(id_produto,nome,categoria,segmento,marca)VALUES('SKU-0000265','Aspirador','Eletroportáteis','Doméstico','Britânia');
INSERT INTO TB_PRODUTO(id_produto,nome,categoria,segmento,marca)VALUES('SKU-0000278','Ventilador','Eletroportáteis','Doméstico','Arno');
INSERT INTO TB_PRODUTO(id_produto,nome,categoria,segmento,marca)VALUES('SKU-0000279','Ventilador','Eletroportáteis','Doméstico','Arno');
INSERT INTO TB_PRODUTO(id_produto,nome,categoria,segmento,marca)VALUES('SKU-0000280','Ventilador','Eletroportáteis','Doméstico','Arno');
INSERT INTO TB_PRODUTO(id_produto,nome,categoria,segmento,marca)VALUES('SKU-0000281','Ventilador','Eletroportáteis','Doméstico','Arno');
INSERT INTO TB_PRODUTO(id_produto,nome,categoria,segmento,marca)VALUES('SKU-0000282','Ventilador','Eletroportáteis','Doméstico','Arno');
INSERT INTO TB_PRODUTO(id_produto,nome,categoria,segmento,marca)VALUES('SKU-0000283','Ventilador','Eletroportáteis','Doméstico','Arno');
INSERT INTO TB_PRODUTO(id_produto,nome,categoria,segmento,marca)VALUES('SKU-0000284','Ventilador','Eletroportáteis','Doméstico','Arno');
INSERT INTO TB_PRODUTO(id_produto,nome,categoria,segmento,marca)VALUES('SKU-0000285','Ventilador','Eletroportáteis','Doméstico','Arno');
INSERT INTO TB_PRODUTO(id_produto,nome,categoria,segmento,marca)VALUES('SKU-0000286','Ventilador','Eletroportáteis','Doméstico','Arno');
INSERT INTO TB_PRODUTO(id_produto,nome,categoria,segmento,marca)VALUES('SKU-0000287','Ventilador','Eletroportáteis','Doméstico','Arno');
INSERT INTO TB_PRODUTO(id_produto,nome,categoria,segmento,marca)VALUES('SKU-0000288','Ventilador','Eletroportáteis','Doméstico','Arno');
INSERT INTO TB_PRODUTO(id_produto,nome,categoria,segmento,marca)VALUES('SKU-0000289','Ventilador','Eletroportáteis','Doméstico','Arno');
INSERT INTO TB_PRODUTO(id_produto,nome,categoria,segmento,marca)VALUES('SKU-0000348','Aspirador','Eletroportáteis','Doméstico','Britânia');
INSERT INTO TB_PRODUTO(id_produto,nome,categoria,segmento,marca)VALUES('SKU-0000349','Aspirador','Eletroportáteis','Doméstico','Britânia');
INSERT INTO TB_PRODUTO(id_produto,nome,categoria,segmento,marca)VALUES('SKU-0000350','Aspirador','Eletroportáteis','Doméstico','Britânia');
INSERT INTO TB_PRODUTO(id_produto,nome,categoria,segmento,marca)VALUES('SKU-0000351','Aspirador','Eletroportáteis','Doméstico','Britânia');
INSERT INTO TB_PRODUTO(id_produto,nome,categoria,segmento,marca)VALUES('SKU-0000352','Aspirador','Eletroportáteis','Doméstico','Britânia');
INSERT INTO TB_PRODUTO(id_produto,nome,categoria,segmento,marca)VALUES('SKU-0000353','Aspirador','Eletroportáteis','Doméstico','Britânia');
INSERT INTO TB_PRODUTO(id_produto,nome,categoria,segmento,marca)VALUES('SKU-0000354','Aspirador','Eletroportáteis','Doméstico','Britânia');
INSERT INTO TB_PRODUTO(id_produto,nome,categoria,segmento,marca)VALUES('SKU-0000355','Aspirador','Eletroportáteis','Doméstico','Britânia');
INSERT INTO TB_PRODUTO(id_produto,nome,categoria,segmento,marca)VALUES('SKU-0000356','Aspirador','Eletroportáteis','Doméstico','Britânia');
INSERT INTO TB_PRODUTO(id_produto,nome,categoria,segmento,marca)VALUES('SKU-0000357','Aspirador','Eletroportáteis','Doméstico','Britânia');
INSERT INTO TB_PRODUTO(id_produto,nome,categoria,segmento,marca)VALUES('SKU-0000358','Aspirador','Eletroportáteis','Doméstico','Britânia');
INSERT INTO TB_PRODUTO(id_produto,nome,categoria,segmento,marca)VALUES('SKU-0000359','Aspirador','Eletroportáteis','Doméstico','Britânia');
INSERT INTO TB_PRODUTO(id_produto,nome,categoria,segmento,marca)VALUES('SKU-0000360','Aspirador','Eletroportáteis','Doméstico','Britânia');
INSERT INTO TB_PRODUTO(id_produto,nome,categoria,segmento,marca)VALUES('SKU-0000361','Aspirador','Eletroportáteis','Doméstico','Britânia');
INSERT INTO TB_PRODUTO(id_produto,nome,categoria,segmento,marca)VALUES('SKU-0000362','Aspirador','Eletroportáteis','Doméstico','Britânia');
INSERT INTO TB_PRODUTO(id_produto,nome,categoria,segmento,marca)VALUES('SKU-0000363','Aspirador','Eletroportáteis','Doméstico','Britânia');
INSERT INTO TB_PRODUTO(id_produto,nome,categoria,segmento,marca)VALUES('SKU-0000364','Aspirador','Eletroportáteis','Doméstico','Britânia');
INSERT INTO TB_PRODUTO(id_produto,nome,categoria,segmento,marca)VALUES('SKU-0000365','Aspirador','Eletroportáteis','Doméstico','Britânia');
INSERT INTO TB_PRODUTO(id_produto,nome,categoria,segmento,marca)VALUES('SKU-0000366','Aspirador','Eletroportáteis','Doméstico','Britânia');
INSERT INTO TB_PRODUTO(id_produto,nome,categoria,segmento,marca)VALUES('SKU-0000367','Processador de Alimentos','Eletroportáteis','Doméstico','Philco');
INSERT INTO TB_PRODUTO(id_produto,nome,categoria,segmento,marca)VALUES('SKU-0000368','Processador de Alimentos','Eletroportáteis','Doméstico','Philco');
INSERT INTO TB_PRODUTO(id_produto,nome,categoria,segmento,marca)VALUES('SKU-0000369','Processador de Alimentos','Eletroportáteis','Doméstico','Philco');
INSERT INTO TB_PRODUTO(id_produto,nome,categoria,segmento,marca)VALUES('SKU-0000370','Processador de Alimentos','Eletroportáteis','Doméstico','Philco');
INSERT INTO TB_PRODUTO(id_produto,nome,categoria,segmento,marca)VALUES('SKU-0000371','Processador de Alimentos','Eletroportáteis','Doméstico','Philco');
INSERT INTO TB_PRODUTO(id_produto,nome,categoria,segmento,marca)VALUES('SKU-0000400','Processador de Alimentos','Eletroportáteis','Doméstico','Philco');
INSERT INTO TB_PRODUTO(id_produto,nome,categoria,segmento,marca)VALUES('SKU-0000402','Processador de Alimentos','Eletroportáteis','Doméstico','Philco');
INSERT INTO TB_PRODUTO(id_produto,nome,categoria,segmento,marca)VALUES('SKU-0000404','Processador de Alimentos','Eletroportáteis','Doméstico','Philco');
INSERT INTO TB_PRODUTO(id_produto,nome,categoria,segmento,marca)VALUES('SKU-0000405','Processador de Alimentos','Eletroportáteis','Doméstico','Philco');
INSERT INTO TB_PRODUTO(id_produto,nome,categoria,segmento,marca)VALUES('SKU-0000406','Processador de Alimentos','Eletroportáteis','Doméstico','Philco');
INSERT INTO TB_PRODUTO(id_produto,nome,categoria,segmento,marca)VALUES('SKU-0000407','Processador de Alimentos','Eletroportáteis','Doméstico','Philco');
INSERT INTO TB_PRODUTO(id_produto,nome,categoria,segmento,marca)VALUES('SKU-0000408','Processador de Alimentos','Eletroportáteis','Doméstico','Philco');
INSERT INTO TB_PRODUTO(id_produto,nome,categoria,segmento,marca)VALUES('SKU-0000409','Processador de Alimentos','Eletroportáteis','Doméstico','Philco');
INSERT INTO TB_PRODUTO(id_produto,nome,categoria,segmento,marca)VALUES('SKU-0000410','Liquidificador','Eletroportáteis','Doméstico','Arno');
INSERT INTO TB_PRODUTO(id_produto,nome,categoria,segmento,marca)VALUES('SKU-0000411','Liquidificador','Eletroportáteis','Doméstico','Arno');
INSERT INTO TB_PRODUTO(id_produto,nome,categoria,segmento,marca)VALUES('SKU-0000412','Liquidificador','Eletroportáteis','Doméstico','Arno');
INSERT INTO TB_PRODUTO(id_produto,nome,categoria,segmento,marca)VALUES('SKU-0000413','Liquidificador','Eletroportáteis','Doméstico','Arno');
INSERT INTO TB_PRODUTO(id_produto,nome,categoria,segmento,marca)VALUES('SKU-0000414','Liquidificador','Eletroportáteis','Doméstico','Arno');
INSERT INTO TB_PRODUTO(id_produto,nome,categoria,segmento,marca)VALUES('SKU-0000415','Liquidificador','Eletroportáteis','Doméstico','Arno');
INSERT INTO TB_PRODUTO(id_produto,nome,categoria,segmento,marca)VALUES('SKU-0000416','Liquidificador','Eletroportáteis','Doméstico','Arno');
INSERT INTO TB_PRODUTO(id_produto,nome,categoria,segmento,marca)VALUES('SKU-0000417','Liquidificador','Eletroportáteis','Doméstico','Arno');
INSERT INTO TB_PRODUTO(id_produto,nome,categoria,segmento,marca)VALUES('SKU-0000430','Ventilador','Eletroportáteis','Doméstico','Arno');
INSERT INTO TB_PRODUTO(id_produto,nome,categoria,segmento,marca)VALUES('SKU-0000431','Ventilador','Eletroportáteis','Doméstico','Arno');
INSERT INTO TB_PRODUTO(id_produto,nome,categoria,segmento,marca)VALUES('SKU-0000432','Ventilador','Eletroportáteis','Doméstico','Arno');
INSERT INTO TB_PRODUTO(id_produto,nome,categoria,segmento,marca)VALUES('SKU-0000433','Ventilador','Eletroportáteis','Doméstico','Arno');
INSERT INTO TB_PRODUTO(id_produto,nome,categoria,segmento,marca)VALUES('SKU-0000434','Ventilador','Eletroportáteis','Doméstico','Arno');
INSERT INTO TB_PRODUTO(id_produto,nome,categoria,segmento,marca)VALUES('SKU-0000435','Ventilador','Eletroportáteis','Doméstico','Arno');
INSERT INTO TB_PRODUTO(id_produto,nome,categoria,segmento,marca)VALUES('SKU-0000436','Ventilador','Eletroportáteis','Doméstico','Arno');
INSERT INTO TB_PRODUTO(id_produto,nome,categoria,segmento,marca)VALUES('SKU-0000437','Ventilador','Eletroportáteis','Doméstico','Arno');
INSERT INTO TB_PRODUTO(id_produto,nome,categoria,segmento,marca)VALUES('SKU-0000438','Ventilador','Eletroportáteis','Doméstico','Arno');
INSERT INTO TB_PRODUTO(id_produto,nome,categoria,segmento,marca)VALUES('SKU-0000439','Ventilador','Eletroportáteis','Doméstico','Arno');
INSERT INTO TB_PRODUTO(id_produto,nome,categoria,segmento,marca)VALUES('SKU-0000112','Impressora Deskjet','Eletrônicos','Doméstico','HP');
INSERT INTO TB_PRODUTO(id_produto,nome,categoria,segmento,marca)VALUES('SKU-0000113','Impressora Deskjet','Eletrônicos','Doméstico','HP');
INSERT INTO TB_PRODUTO(id_produto,nome,categoria,segmento,marca)VALUES('SKU-0000114','Impressora Deskjet','Eletrônicos','Doméstico','HP');
INSERT INTO TB_PRODUTO(id_produto,nome,categoria,segmento,marca)VALUES('SKU-0000115','Impressora Deskjet','Eletrônicos','Doméstico','HP');
INSERT INTO TB_PRODUTO(id_produto,nome,categoria,segmento,marca)VALUES('SKU-0000116','Impressora Deskjet','Eletrônicos','Doméstico','HP');
INSERT INTO TB_PRODUTO(id_produto,nome,categoria,segmento,marca)VALUES('SKU-0000117','Impressora Deskjet','Eletrônicos','Doméstico','HP');
INSERT INTO TB_PRODUTO(id_produto,nome,categoria,segmento,marca)VALUES('SKU-0000118','Impressora Deskjet','Eletrônicos','Doméstico','HP');
INSERT INTO TB_PRODUTO(id_produto,nome,categoria,segmento,marca)VALUES('SKU-0000119','Impressora Deskjet','Eletrônicos','Doméstico','HP');
INSERT INTO TB_PRODUTO(id_produto,nome,categoria,segmento,marca)VALUES('SKU-0000120','Impressora Deskjet','Eletrônicos','Doméstico','HP');
INSERT INTO TB_PRODUTO(id_produto,nome,categoria,segmento,marca)VALUES('SKU-0000121','Impressora Deskjet','Eletrônicos','Doméstico','HP');
INSERT INTO TB_PRODUTO(id_produto,nome,categoria,segmento,marca)VALUES('SKU-0000122','Impressora Deskjet','Eletrônicos','Doméstico','HP');
INSERT INTO TB_PRODUTO(id_produto,nome,categoria,segmento,marca)VALUES('SKU-0000123','Impressora Deskjet','Eletrônicos','Doméstico','HP');
INSERT INTO TB_PRODUTO(id_produto,nome,categoria,segmento,marca)VALUES('SKU-0000142','Sony Experia XA','Celulares','Doméstico','Sony');
INSERT INTO TB_PRODUTO(id_produto,nome,categoria,segmento,marca)VALUES('SKU-0000178','Morotola Moto G5','Celulares','Doméstico','Motorola');
INSERT INTO TB_PRODUTO(id_produto,nome,categoria,segmento,marca)VALUES('SKU-0000179','Morotola Moto G5','Celulares','Doméstico','Motorola');
INSERT INTO TB_PRODUTO(id_produto,nome,categoria,segmento,marca)VALUES('SKU-0000180','Morotola Moto G5','Celulares','Doméstico','Motorola');
INSERT INTO TB_PRODUTO(id_produto,nome,categoria,segmento,marca)VALUES('SKU-0000181','Morotola Moto G5','Celulares','Doméstico','Motorola');
INSERT INTO TB_PRODUTO(id_produto,nome,categoria,segmento,marca)VALUES('SKU-0000266','Impressora Deskjet','Eletrônicos','Doméstico','Epson');
INSERT INTO TB_PRODUTO(id_produto,nome,categoria,segmento,marca)VALUES('SKU-0000267','Impressora Deskjet','Eletrônicos','Doméstico','Epson');
INSERT INTO TB_PRODUTO(id_produto,nome,categoria,segmento,marca)VALUES('SKU-0000268','Impressora Deskjet','Eletrônicos','Doméstico','Epson');
INSERT INTO TB_PRODUTO(id_produto,nome,categoria,segmento,marca)VALUES('SKU-0000269','Impressora Deskjet','Eletrônicos','Doméstico','Epson');
INSERT INTO TB_PRODUTO(id_produto,nome,categoria,segmento,marca)VALUES('SKU-0000270','Impressora Deskjet','Eletrônicos','Doméstico','Epson');
INSERT INTO TB_PRODUTO(id_produto,nome,categoria,segmento,marca)VALUES('SKU-0000271','Impressora Deskjet','Eletrônicos','Doméstico','Epson');
INSERT INTO TB_PRODUTO(id_produto,nome,categoria,segmento,marca)VALUES('SKU-0000272','Impressora Deskjet','Eletrônicos','Doméstico','Epson');
INSERT INTO TB_PRODUTO(id_produto,nome,categoria,segmento,marca)VALUES('SKU-0000273','Impressora Deskjet','Eletrônicos','Doméstico','Epson');
INSERT INTO TB_PRODUTO(id_produto,nome,categoria,segmento,marca)VALUES('SKU-0000274','Impressora Deskjet','Eletrônicos','Doméstico','Epson');
INSERT INTO TB_PRODUTO(id_produto,nome,categoria,segmento,marca)VALUES('SKU-0000275','Impressora Deskjet','Eletrônicos','Doméstico','Epson');
INSERT INTO TB_PRODUTO(id_produto,nome,categoria,segmento,marca)VALUES('SKU-0000276','Impressora Deskjet','Eletrônicos','Doméstico','Epson');
INSERT INTO TB_PRODUTO(id_produto,nome,categoria,segmento,marca)VALUES('SKU-0000277','Impressora Deskjet','Eletrônicos','Doméstico','Epson');
INSERT INTO TB_PRODUTO(id_produto,nome,categoria,segmento,marca)VALUES('SKU-0000294','Morotola Moto G5','Celulares','Doméstico','Motorola');
INSERT INTO TB_PRODUTO(id_produto,nome,categoria,segmento,marca)VALUES('SKU-0000296','Morotola Moto G5','Celulares','Doméstico','Motorola');
INSERT INTO TB_PRODUTO(id_produto,nome,categoria,segmento,marca)VALUES('SKU-0000302','Morotola Moto G5','Celulares','Doméstico','Motorola');
INSERT INTO TB_PRODUTO(id_produto,nome,categoria,segmento,marca)VALUES('SKU-0000305','Morotola Moto G5','Celulares','Doméstico','Motorola');
INSERT INTO TB_PRODUTO(id_produto,nome,categoria,segmento,marca)VALUES('SKU-0000309','Morotola Moto G5','Celulares','Doméstico','Motorola');
INSERT INTO TB_PRODUTO(id_produto,nome,categoria,segmento,marca)VALUES('SKU-0000311','Morotola Moto G5','Celulares','Doméstico','Motorola');
INSERT INTO TB_PRODUTO(id_produto,nome,categoria,segmento,marca)VALUES('SKU-0000312','Morotola Moto G5','Celulares','Doméstico','Motorola');
INSERT INTO TB_PRODUTO(id_produto,nome,categoria,segmento,marca)VALUES('SKU-0000313','Morotola Moto G5','Celulares','Doméstico','Motorola');
INSERT INTO TB_PRODUTO(id_produto,nome,categoria,segmento,marca)VALUES('SKU-0000314','Morotola Moto G5','Celulares','Doméstico','Motorola');
INSERT INTO TB_PRODUTO(id_produto,nome,categoria,segmento,marca)VALUES('SKU-0000324','Morotola Moto G5','Celulares','Doméstico','Motorola');
INSERT INTO TB_PRODUTO(id_produto,nome,categoria,segmento,marca)VALUES('SKU-0000325','Morotola Moto G5','Celulares','Doméstico','Motorola');
INSERT INTO TB_PRODUTO(id_produto,nome,categoria,segmento,marca)VALUES('SKU-0000326','Morotola Moto G5','Celulares','Doméstico','Motorola');
INSERT INTO TB_PRODUTO(id_produto,nome,categoria,segmento,marca)VALUES('SKU-0000327','Morotola Moto G5','Celulares','Doméstico','Motorola');
INSERT INTO TB_PRODUTO(id_produto,nome,categoria,segmento,marca)VALUES('SKU-0000328','Morotola Moto G5','Celulares','Doméstico','Motorola');
INSERT INTO TB_PRODUTO(id_produto,nome,categoria,segmento,marca)VALUES('SKU-0000329','Morotola Moto G5','Celulares','Doméstico','Motorola');
INSERT INTO TB_PRODUTO(id_produto,nome,categoria,segmento,marca)VALUES('SKU-0000330','Morotola Moto G5','Celulares','Doméstico','Motorola');
INSERT INTO TB_PRODUTO(id_produto,nome,categoria,segmento,marca)VALUES('SKU-0000331','Morotola Moto G5','Celulares','Doméstico','Motorola');
INSERT INTO TB_PRODUTO(id_produto,nome,categoria,segmento,marca)VALUES('SKU-0000332','Morotola Moto G5','Celulares','Doméstico','Motorola');
INSERT INTO TB_PRODUTO(id_produto,nome,categoria,segmento,marca)VALUES('SKU-0000333','Morotola Moto G5','Celulares','Doméstico','Motorola');
INSERT INTO TB_PRODUTO(id_produto,nome,categoria,segmento,marca)VALUES('SKU-0000334','Morotola Moto G5','Celulares','Doméstico','Motorola');
INSERT INTO TB_PRODUTO(id_produto,nome,categoria,segmento,marca)VALUES('SKU-0000335','Morotola Moto G5','Celulares','Doméstico','Motorola');
INSERT INTO TB_PRODUTO(id_produto,nome,categoria,segmento,marca)VALUES('SKU-0000418','Impressora Deskjet','Eletrônicos','Doméstico','HP');
INSERT INTO TB_PRODUTO(id_produto,nome,categoria,segmento,marca)VALUES('SKU-0000419','Impressora Deskjet','Eletrônicos','Doméstico','HP');
INSERT INTO TB_PRODUTO(id_produto,nome,categoria,segmento,marca)VALUES('SKU-0000420','Impressora Deskjet','Eletrônicos','Doméstico','HP');
INSERT INTO TB_PRODUTO(id_produto,nome,categoria,segmento,marca)VALUES('SKU-0000421','Impressora Deskjet','Eletrônicos','Doméstico','HP');
INSERT INTO TB_PRODUTO(id_produto,nome,categoria,segmento,marca)VALUES('SKU-0000422','Impressora Deskjet','Eletrônicos','Doméstico','HP');
INSERT INTO TB_PRODUTO(id_produto,nome,categoria,segmento,marca)VALUES('SKU-0000423','Impressora Deskjet','Eletrônicos','Doméstico','HP');
INSERT INTO TB_PRODUTO(id_produto,nome,categoria,segmento,marca)VALUES('SKU-0000424','Impressora Deskjet','Eletrônicos','Doméstico','HP');
INSERT INTO TB_PRODUTO(id_produto,nome,categoria,segmento,marca)VALUES('SKU-0000425','Impressora Deskjet','Eletrônicos','Doméstico','HP');
INSERT INTO TB_PRODUTO(id_produto,nome,categoria,segmento,marca)VALUES('SKU-0000426','Impressora Deskjet','Eletrônicos','Doméstico','HP');
INSERT INTO TB_PRODUTO(id_produto,nome,categoria,segmento,marca)VALUES('SKU-0000427','Impressora Deskjet','Eletrônicos','Doméstico','HP');
INSERT INTO TB_PRODUTO(id_produto,nome,categoria,segmento,marca)VALUES('SKU-0000428','Impressora Deskjet','Eletrônicos','Doméstico','HP');
INSERT INTO TB_PRODUTO(id_produto,nome,categoria,segmento,marca)VALUES('SKU-0000429','Impressora Deskjet','Eletrônicos','Doméstico','HP');
INSERT INTO TB_PRODUTO(id_produto,nome,categoria,segmento,marca)VALUES('SKU-0000444','Morotola Moto G5','Celulares','Doméstico','Motorola');
INSERT INTO TB_PRODUTO(id_produto,nome,categoria,segmento,marca)VALUES('SKU-0000446','Morotola Moto G5','Celulares','Doméstico','Motorola');
INSERT INTO TB_PRODUTO(id_produto,nome,categoria,segmento,marca)VALUES('SKU-0000452','Morotola Moto G5','Celulares','Doméstico','Motorola');
INSERT INTO TB_PRODUTO(id_produto,nome,categoria,segmento,marca)VALUES('SKU-0000455','Morotola Moto G5','Celulares','Doméstico','Motorola');
INSERT INTO TB_PRODUTO(id_produto,nome,categoria,segmento,marca)VALUES('SKU-0000001','LG K10 TV Power','Celulares','Corporativo','LG');
INSERT INTO TB_PRODUTO(id_produto,nome,categoria,segmento,marca)VALUES('SKU-0000040','Notebook Dell 8 GB','Eletrônicos','Corporativo','Dell');
INSERT INTO TB_PRODUTO(id_produto,nome,categoria,segmento,marca)VALUES('SKU-0000041','Notebook Dell 8 GB','Eletrônicos','Corporativo','Dell');
INSERT INTO TB_PRODUTO(id_produto,nome,categoria,segmento,marca)VALUES('SKU-0000042','Notebook Dell 8 GB','Eletrônicos','Corporativo','Dell');
INSERT INTO TB_PRODUTO(id_produto,nome,categoria,segmento,marca)VALUES('SKU-0000043','Notebook Dell 8 GB','Eletrônicos','Corporativo','Dell');
INSERT INTO TB_PRODUTO(id_produto,nome,categoria,segmento,marca)VALUES('SKU-0000044','Notebook Dell 8 GB','Eletrônicos','Corporativo','Dell');
INSERT INTO TB_PRODUTO(id_produto,nome,categoria,segmento,marca)VALUES('SKU-0000045','Notebook Dell 8 GB','Eletrônicos','Corporativo','Dell');
INSERT INTO TB_PRODUTO(id_produto,nome,categoria,segmento,marca)VALUES('SKU-0000046','Notebook Dell 8 GB','Eletrônicos','Corporativo','Dell');
INSERT INTO TB_PRODUTO(id_produto,nome,categoria,segmento,marca)VALUES('SKU-0000047','Notebook Dell 8 GB','Eletrônicos','Corporativo','Dell');
INSERT INTO TB_PRODUTO(id_produto,nome,categoria,segmento,marca)VALUES('SKU-0000048','Notebook Dell 8 GB','Eletrônicos','Corporativo','Dell');
INSERT INTO TB_PRODUTO(id_produto,nome,categoria,segmento,marca)VALUES('SKU-0000049','Notebook Dell 8 GB','Eletrônicos','Corporativo','Dell');
INSERT INTO TB_PRODUTO(id_produto,nome,categoria,segmento,marca)VALUES('SKU-0000050','Desktop HP 16 GB','Eletrônicos','Corporativo','HP');
INSERT INTO TB_PRODUTO(id_produto,nome,categoria,segmento,marca)VALUES('SKU-0000051','Desktop HP 16 GB','Eletrônicos','Corporativo','HP');
INSERT INTO TB_PRODUTO(id_produto,nome,categoria,segmento,marca)VALUES('SKU-0000052','Desktop HP 16 GB','Eletrônicos','Corporativo','HP');
INSERT INTO TB_PRODUTO(id_produto,nome,categoria,segmento,marca)VALUES('SKU-0000053','Desktop HP 16 GB','Eletrônicos','Corporativo','HP');
INSERT INTO TB_PRODUTO(id_produto,nome,categoria,segmento,marca)VALUES('SKU-0000054','Desktop HP 16 GB','Eletrônicos','Corporativo','HP');
INSERT INTO TB_PRODUTO(id_produto,nome,categoria,segmento,marca)VALUES('SKU-0000055','Desktop HP 16 GB','Eletrônicos','Corporativo','HP');
INSERT INTO TB_PRODUTO(id_produto,nome,categoria,segmento,marca)VALUES('SKU-0000056','Desktop HP 16 GB','Eletrônicos','Corporativo','HP');
INSERT INTO TB_PRODUTO(id_produto,nome,categoria,segmento,marca)VALUES('SKU-0000057','Desktop HP 16 GB','Eletrônicos','Corporativo','HP');
INSERT INTO TB_PRODUTO(id_produto,nome,categoria,segmento,marca)VALUES('SKU-0000058','Desktop HP 16 GB','Eletrônicos','Corporativo','HP');
INSERT INTO TB_PRODUTO(id_produto,nome,categoria,segmento,marca)VALUES('SKU-0000059','Desktop HP 16 GB','Eletrônicos','Corporativo','HP');
INSERT INTO TB_PRODUTO(id_produto,nome,categoria,segmento,marca)VALUES('SKU-0000060','Desktop HP 16 GB','Eletrônicos','Corporativo','HP');
INSERT INTO TB_PRODUTO(id_produto,nome,categoria,segmento,marca)VALUES('SKU-0000061','Desktop HP 16 GB','Eletrônicos','Corporativo','HP');
INSERT INTO TB_PRODUTO(id_produto,nome,categoria,segmento,marca)VALUES('SKU-0000062','Desktop HP 16 GB','Eletrônicos','Corporativo','HP');
INSERT INTO TB_PRODUTO(id_produto,nome,categoria,segmento,marca)VALUES('SKU-0000063','Desktop HP 16 GB','Eletrônicos','Corporativo','HP');
INSERT INTO TB_PRODUTO(id_produto,nome,categoria,segmento,marca)VALUES('SKU-0000064','Micro-Ondas','Eletrodomésticos','Industrial','Consul');
INSERT INTO TB_PRODUTO(id_produto,nome,categoria,segmento,marca)VALUES('SKU-0000089','Ar Condicionado','Eletrodomésticos','Industrial','Samsung');
INSERT INTO TB_PRODUTO(id_produto,nome,categoria,segmento,marca)VALUES('SKU-0000091','Ar Condicionado','Eletrodomésticos','Industrial','Samsung');
INSERT INTO TB_PRODUTO(id_produto,nome,categoria,segmento,marca)VALUES('SKU-0000093','Ar Condicionado','Eletrodomésticos','Industrial','Samsung');
INSERT INTO TB_PRODUTO(id_produto,nome,categoria,segmento,marca)VALUES('SKU-0000095','Ar Condicionado','Eletrodomésticos','Industrial','Samsung');
INSERT INTO TB_PRODUTO(id_produto,nome,categoria,segmento,marca)VALUES('SKU-0000097','Ar Condicionado','Eletrodomésticos','Industrial','Samsung');
INSERT INTO TB_PRODUTO(id_produto,nome,categoria,segmento,marca)VALUES('SKU-0000140','Samsung Galaxy 8','Celulares','Corporativo','Samsung');
INSERT INTO TB_PRODUTO(id_produto,nome,categoria,segmento,marca)VALUES('SKU-0000148','Samsung Galaxy 8','Celulares','Corporativo','Samsung');
INSERT INTO TB_PRODUTO(id_produto,nome,categoria,segmento,marca)VALUES('SKU-0000151','Samsung Galaxy 8','Celulares','Corporativo','Samsung');
INSERT INTO TB_PRODUTO(id_produto,nome,categoria,segmento,marca)VALUES('SKU-0000155','Samsung Galaxy 8','Celulares','Corporativo','Samsung');
INSERT INTO TB_PRODUTO(id_produto,nome,categoria,segmento,marca)VALUES('SKU-0000157','Samsung Galaxy 8','Celulares','Corporativo','Samsung');
INSERT INTO TB_PRODUTO(id_produto,nome,categoria,segmento,marca)VALUES('SKU-0000158','Samsung Galaxy 8','Celulares','Corporativo','Samsung');
INSERT INTO TB_PRODUTO(id_produto,nome,categoria,segmento,marca)VALUES('SKU-0000159','Samsung Galaxy 8','Celulares','Corporativo','Samsung');
INSERT INTO TB_PRODUTO(id_produto,nome,categoria,segmento,marca)VALUES('SKU-0000160','Samsung Galaxy 8','Celulares','Corporativo','Samsung');
INSERT INTO TB_PRODUTO(id_produto,nome,categoria,segmento,marca)VALUES('SKU-0000170','Samsung Galaxy 8','Celulares','Corporativo','Samsung');
INSERT INTO TB_PRODUTO(id_produto,nome,categoria,segmento,marca)VALUES('SKU-0000171','Samsung Galaxy 8','Celulares','Corporativo','Samsung');
INSERT INTO TB_PRODUTO(id_produto,nome,categoria,segmento,marca)VALUES('SKU-0000172','Samsung Galaxy 8','Celulares','Corporativo','Samsung');
INSERT INTO TB_PRODUTO(id_produto,nome,categoria,segmento,marca)VALUES('SKU-0000173','Samsung Galaxy 8','Celulares','Corporativo','Samsung');
INSERT INTO TB_PRODUTO(id_produto,nome,categoria,segmento,marca)VALUES('SKU-0000174','Samsung Galaxy 8','Celulares','Corporativo','Samsung');
INSERT INTO TB_PRODUTO(id_produto,nome,categoria,segmento,marca)VALUES('SKU-0000175','Samsung Galaxy 8','Celulares','Corporativo','Samsung');
INSERT INTO TB_PRODUTO(id_produto,nome,categoria,segmento,marca)VALUES('SKU-0000176','Samsung Galaxy 8','Celulares','Corporativo','Samsung');
INSERT INTO TB_PRODUTO(id_produto,nome,categoria,segmento,marca)VALUES('SKU-0000177','Samsung Galaxy 8','Celulares','Corporativo','Samsung');
INSERT INTO TB_PRODUTO(id_produto,nome,categoria,segmento,marca)VALUES('SKU-0000243','Ar Condicionado','Eletrodomésticos','Industrial','Samsung');
INSERT INTO TB_PRODUTO(id_produto,nome,categoria,segmento,marca)VALUES('SKU-0000245','Ar Condicionado','Eletrodomésticos','Industrial','Samsung');
INSERT INTO TB_PRODUTO(id_produto,nome,categoria,segmento,marca)VALUES('SKU-0000247','Ar Condicionado','Eletrodomésticos','Industrial','Samsung');
INSERT INTO TB_PRODUTO(id_produto,nome,categoria,segmento,marca)VALUES('SKU-0000249','Ar Condicionado','Eletrodomésticos','Industrial','Samsung');
INSERT INTO TB_PRODUTO(id_produto,nome,categoria,segmento,marca)VALUES('SKU-0000251','Ar Condicionado','Eletrodomésticos','Industrial','Samsung');



INSERT INTO TB_VENDEDOR (id_vendedor, nome_vendedor, sobrenome) VALUES('1009','Ana','Teixeira');
INSERT INTO TB_VENDEDOR (id_vendedor, nome_vendedor, sobrenome) VALUES('1006','Josias','Silva');
INSERT INTO TB_VENDEDOR (id_vendedor, nome_vendedor, sobrenome) VALUES('1003','Mateus','Gonçalves');
INSERT INTO TB_VENDEDOR (id_vendedor, nome_vendedor, sobrenome) VALUES('1004','Artur','Moreira');
INSERT INTO TB_VENDEDOR (id_vendedor, nome_vendedor, sobrenome) VALUES('1005','Rodrigo','Fagundes');
INSERT INTO TB_VENDEDOR (id_vendedor, nome_vendedor, sobrenome) VALUES('1007','Fernando','Zambrini');
INSERT INTO TB_VENDEDOR (id_vendedor, nome_vendedor, sobrenome) VALUES('1002','André','Pereira');
INSERT INTO TB_VENDEDOR (id_vendedor, nome_vendedor, sobrenome) VALUES('1001','Maria','Fernandes');
INSERT INTO TB_VENDEDOR (id_vendedor, nome_vendedor, sobrenome) VALUES('1008','Aline','Sutter');

INSERT INTO TB_DATA(data_completa) VALUES('04/10/2012');
INSERT INTO TB_DATA(data_completa) VALUES('01/01/2012');
INSERT INTO TB_DATA(data_completa) VALUES('02/02/2012');
INSERT INTO TB_DATA(data_completa) VALUES('03/03/2012');
INSERT INTO TB_DATA(data_completa) VALUES('04/04/2012');
INSERT INTO TB_DATA(data_completa) VALUES('04/05/2012');
INSERT INTO TB_DATA(data_completa) VALUES('04/06/2012');
INSERT INTO TB_DATA(data_completa) VALUES('04/07/2012');
INSERT INTO TB_DATA(data_completa) VALUES('04/08/2012');
INSERT INTO TB_DATA(data_completa) VALUES('04/09/2012');
INSERT INTO TB_DATA(data_completa) VALUES('04/11/2012');
INSERT INTO TB_DATA(data_completa) VALUES('04/12/2012');
INSERT INTO TB_DATA(data_completa) VALUES('02/01/2013');
INSERT INTO TB_DATA(data_completa) VALUES('02/02/2013');
INSERT INTO TB_DATA(data_completa) VALUES('02/03/2013');
INSERT INTO TB_DATA(data_completa) VALUES('02/04/2013');
INSERT INTO TB_DATA(data_completa) VALUES('02/05/2013');
INSERT INTO TB_DATA(data_completa) VALUES('02/06/2013');
INSERT INTO TB_DATA(data_completa) VALUES('02/07/2013');
INSERT INTO TB_DATA(data_completa) VALUES('02/08/2013');
INSERT INTO TB_DATA(data_completa) VALUES('02/09/2013');
INSERT INTO TB_DATA(data_completa) VALUES('02/10/2013');
INSERT INTO TB_DATA(data_completa) VALUES('02/11/2013');
INSERT INTO TB_DATA(data_completa) VALUES('02/12/2013');
INSERT INTO TB_DATA(data_completa) VALUES('01/02/2012');
INSERT INTO TB_DATA(data_completa) VALUES('01/03/2012');
INSERT INTO TB_DATA(data_completa) VALUES('01/04/2012');
INSERT INTO TB_DATA(data_completa) VALUES('01/05/2012');
INSERT INTO TB_DATA(data_completa) VALUES('01/06/2012');
INSERT INTO TB_DATA(data_completa) VALUES('01/07/2012');
INSERT INTO TB_DATA(data_completa) VALUES('01/08/2012');
INSERT INTO TB_DATA(data_completa) VALUES('01/09/2012');
INSERT INTO TB_DATA(data_completa) VALUES('01/10/2012');
INSERT INTO TB_DATA(data_completa) VALUES('01/11/2012');
INSERT INTO TB_DATA(data_completa) VALUES('01/12/2012');
INSERT INTO TB_DATA(data_completa) VALUES('09/01/2013');
INSERT INTO TB_DATA(data_completa) VALUES('10/01/2013');
INSERT INTO TB_DATA(data_completa) VALUES('11/02/2013');
INSERT INTO TB_DATA(data_completa) VALUES('12/03/2013');
INSERT INTO TB_DATA(data_completa) VALUES('13/03/2013');
INSERT INTO TB_DATA(data_completa) VALUES('14/03/2013');
INSERT INTO TB_DATA(data_completa) VALUES('15/04/2013');
INSERT INTO TB_DATA(data_completa) VALUES('16/04/2013');
INSERT INTO TB_DATA(data_completa) VALUES('17/05/2013');
INSERT INTO TB_DATA(data_completa) VALUES('18/05/2013');
INSERT INTO TB_DATA(data_completa) VALUES('19/05/2013');
INSERT INTO TB_DATA(data_completa) VALUES('20/06/2013');
INSERT INTO TB_DATA(data_completa) VALUES('21/07/2013');
INSERT INTO TB_DATA(data_completa) VALUES('22/07/2013');
INSERT INTO TB_DATA(data_completa) VALUES('23/09/2013');
INSERT INTO TB_DATA(data_completa) VALUES('24/10/2013');
INSERT INTO TB_DATA(data_completa) VALUES('25/11/2013');
INSERT INTO TB_DATA(data_completa) VALUES('26/11/2013');
INSERT INTO TB_DATA(data_completa) VALUES('27/11/2013');
INSERT INTO TB_DATA(data_completa) VALUES('04/10/2014');
INSERT INTO TB_DATA(data_completa) VALUES('01/01/2014');
INSERT INTO TB_DATA(data_completa) VALUES('02/02/2014');
INSERT INTO TB_DATA(data_completa) VALUES('03/03/2014');
INSERT INTO TB_DATA(data_completa) VALUES('04/04/2014');
INSERT INTO TB_DATA(data_completa) VALUES('04/05/2014');
INSERT INTO TB_DATA(data_completa) VALUES('04/06/2014');
INSERT INTO TB_DATA(data_completa) VALUES('04/07/2014');
INSERT INTO TB_DATA(data_completa) VALUES('04/08/2014');
INSERT INTO TB_DATA(data_completa) VALUES('04/09/2014');
INSERT INTO TB_DATA(data_completa) VALUES('04/11/2014');
INSERT INTO TB_DATA(data_completa) VALUES('04/12/2014');
INSERT INTO TB_DATA(data_completa) VALUES('02/01/2015');
INSERT INTO TB_DATA(data_completa) VALUES('02/02/2015');
INSERT INTO TB_DATA(data_completa) VALUES('02/03/2015');
INSERT INTO TB_DATA(data_completa) VALUES('02/04/2015');
INSERT INTO TB_DATA(data_completa) VALUES('02/05/2015');
INSERT INTO TB_DATA(data_completa) VALUES('02/06/2015');
INSERT INTO TB_DATA(data_completa) VALUES('02/07/2015');
INSERT INTO TB_DATA(data_completa) VALUES('02/08/2015');
INSERT INTO TB_DATA(data_completa) VALUES('02/09/2015');
INSERT INTO TB_DATA(data_completa) VALUES('02/10/2015');
INSERT INTO TB_DATA(data_completa) VALUES('02/11/2015');
INSERT INTO TB_DATA(data_completa) VALUES('02/12/2015');
INSERT INTO TB_DATA(data_completa) VALUES('01/02/2014');
INSERT INTO TB_DATA(data_completa) VALUES('01/03/2014');
INSERT INTO TB_DATA(data_completa) VALUES('01/04/2014');
INSERT INTO TB_DATA(data_completa) VALUES('01/05/2014');
INSERT INTO TB_DATA(data_completa) VALUES('01/06/2014');
INSERT INTO TB_DATA(data_completa) VALUES('01/07/2014');
INSERT INTO TB_DATA(data_completa) VALUES('01/08/2014');
INSERT INTO TB_DATA(data_completa) VALUES('01/09/2014');
INSERT INTO TB_DATA(data_completa) VALUES('01/10/2014');
INSERT INTO TB_DATA(data_completa) VALUES('01/11/2014');
INSERT INTO TB_DATA(data_completa) VALUES('01/12/2014');
INSERT INTO TB_DATA(data_completa) VALUES('09/01/2015');
INSERT INTO TB_DATA(data_completa) VALUES('10/01/2015');
INSERT INTO TB_DATA(data_completa) VALUES('11/02/2015');
INSERT INTO TB_DATA(data_completa) VALUES('12/03/2015');
INSERT INTO TB_DATA(data_completa) VALUES('13/03/2015');
INSERT INTO TB_DATA(data_completa) VALUES('14/03/2015');
INSERT INTO TB_DATA(data_completa) VALUES('15/04/2015');
INSERT INTO TB_DATA(data_completa) VALUES('16/04/2015');
INSERT INTO TB_DATA(data_completa) VALUES('17/05/2015');
INSERT INTO TB_DATA(data_completa) VALUES('18/05/2015');
INSERT INTO TB_DATA(data_completa) VALUES('19/05/2015');
INSERT INTO TB_DATA(data_completa) VALUES('20/06/2015');
INSERT INTO TB_DATA(data_completa) VALUES('21/07/2015');
INSERT INTO TB_DATA(data_completa) VALUES('22/07/2015');
INSERT INTO TB_DATA(data_completa) VALUES('23/09/2015');
INSERT INTO TB_DATA(data_completa) VALUES('24/10/2015');
INSERT INTO TB_DATA(data_completa) VALUES('25/11/2015');
INSERT INTO TB_DATA(data_completa) VALUES('26/11/2015');
INSERT INTO TB_DATA(data_completa) VALUES('27/11/2015');


--VENDAS
INSERT INTO TB_VENDAS (id_produto, id_vendedor, id_loja, data_venda, valor_venda) VALUES ('SKU-0000004','1003','SP8821','03/03/2012',765.32);
INSERT INTO TB_VENDAS (id_produto, id_vendedor, id_loja, data_venda, valor_venda) VALUES ('SKU-0000005','1004','SP8821','04/04/2012',459.89);
INSERT INTO TB_VENDAS (id_produto, id_vendedor, id_loja, data_venda, valor_venda) VALUES ('SKU-0000002','1006','SP8821','01/01/2012',832);
INSERT INTO TB_VENDAS (id_produto, id_vendedor, id_loja, data_venda, valor_venda) VALUES ('SKU-0000001','1009','SP8821','04/10/2012',679);
INSERT INTO TB_VENDAS (id_produto, id_vendedor, id_loja, data_venda, valor_venda) VALUES ('SKU-0000003','1006','SP8821','02/02/2012',790);
INSERT INTO TB_VENDAS (id_produto, id_vendedor, id_loja, data_venda, valor_venda) VALUES ('SKU-0000006','1005','SP8821','04/05/2012',590.98);
INSERT INTO TB_VENDAS (id_produto, id_vendedor, id_loja, data_venda, valor_venda) VALUES ('SKU-0000007','1006','SP8821','04/06/2012',1000.91);
INSERT INTO TB_VENDAS (id_produto, id_vendedor, id_loja, data_venda, valor_venda) VALUES ('SKU-0000008','1007','A9990','04/07/2012',1229);
INSERT INTO TB_VENDAS (id_produto, id_vendedor, id_loja, data_venda, valor_venda) VALUES ('SKU-0000009','1003','SP8821','04/08/2012',1300);
INSERT INTO TB_VENDAS (id_produto, id_vendedor, id_loja, data_venda, valor_venda) VALUES ('SKU-0000010','1002','SP8821','04/09/2012',1290);
INSERT INTO TB_VENDAS (id_produto, id_vendedor, id_loja, data_venda, valor_venda) VALUES ('SKU-0000011','1009','SP8821','04/09/2012',1287);
INSERT INTO TB_VENDAS (id_produto, id_vendedor, id_loja, data_venda, valor_venda) VALUES ('SKU-0000012','1006','A9990','04/11/2012',1651);
INSERT INTO TB_VENDAS (id_produto, id_vendedor, id_loja, data_venda, valor_venda) VALUES ('SKU-0000013','1006','SP8821','04/11/2012',1100);
INSERT INTO TB_VENDAS (id_produto, id_vendedor, id_loja, data_venda, valor_venda) VALUES ('SKU-0000014','1003','SP8821','04/12/2012',1190);
INSERT INTO TB_VENDAS (id_produto, id_vendedor, id_loja, data_venda, valor_venda) VALUES ('SKU-0000015','1004','SP8821','04/12/2012',1190.98);
INSERT INTO TB_VENDAS (id_produto, id_vendedor, id_loja, data_venda, valor_venda) VALUES ('SKU-0000016','1005','A9990','02/01/2013',877);
INSERT INTO TB_VENDAS (id_produto, id_vendedor, id_loja, data_venda, valor_venda) VALUES ('SKU-0000017','1006','SP8821','02/02/2013',982);
INSERT INTO TB_VENDAS (id_produto, id_vendedor, id_loja, data_venda, valor_venda) VALUES ('SKU-0000018','1007','SP8821','02/03/2013',872);
INSERT INTO TB_VENDAS (id_produto, id_vendedor, id_loja, data_venda, valor_venda) VALUES ('SKU-0000019','1003','SP8821','02/04/2013',799);
INSERT INTO TB_VENDAS (id_produto, id_vendedor, id_loja, data_venda, valor_venda) VALUES ('SKU-0000020','1002','SP8821','02/05/2013',899);
INSERT INTO TB_VENDAS (id_produto, id_vendedor, id_loja, data_venda, valor_venda) VALUES ('SKU-0000021','1009','SP8821','02/06/2013',799);
INSERT INTO TB_VENDAS (id_produto, id_vendedor, id_loja, data_venda, valor_venda) VALUES ('SKU-0000022','1006','SP8821','02/07/2013',987);
INSERT INTO TB_VENDAS (id_produto, id_vendedor, id_loja, data_venda, valor_venda) VALUES ('SKU-0000023','1006','SP8821','02/08/2013',699.9);
INSERT INTO TB_VENDAS (id_produto, id_vendedor, id_loja, data_venda, valor_venda) VALUES ('SKU-0000024','1003','SP8821','02/09/2013',789.23);
INSERT INTO TB_VENDAS (id_produto, id_vendedor, id_loja, data_venda, valor_venda) VALUES ('SKU-0000025','1004','SP8821','02/10/2013',789.34);
INSERT INTO TB_VENDAS (id_produto, id_vendedor, id_loja, data_venda, valor_venda) VALUES ('SKU-0000026','1005','SP8821','02/11/2013',764.2);
INSERT INTO TB_VENDAS (id_produto, id_vendedor, id_loja, data_venda, valor_venda) VALUES ('SKU-0000027','1006','SP8821','02/12/2013',1245.9);
INSERT INTO TB_VENDAS (id_produto, id_vendedor, id_loja, data_venda, valor_venda) VALUES ('SKU-0000028','1007','SP8821','02/01/2013',1345.87);
INSERT INTO TB_VENDAS (id_produto, id_vendedor, id_loja, data_venda, valor_venda) VALUES ('SKU-0000029','1003','SP8821','02/02/2013',1234.12);
INSERT INTO TB_VENDAS (id_produto, id_vendedor, id_loja, data_venda, valor_venda) VALUES ('SKU-0000030','1002','SP8821','02/03/2013',1245.9);
INSERT INTO TB_VENDAS (id_produto, id_vendedor, id_loja, data_venda, valor_venda) VALUES ('SKU-0000031','1001','SP8821','02/04/2013',1345.87);
INSERT INTO TB_VENDAS (id_produto, id_vendedor, id_loja, data_venda, valor_venda) VALUES ('SKU-0000032','1001','SP8821','02/05/2013',1234.12);
INSERT INTO TB_VENDAS (id_produto, id_vendedor, id_loja, data_venda, valor_venda) VALUES ('SKU-0000033','1001','SP8823','02/06/2013',1245.9);
INSERT INTO TB_VENDAS (id_produto, id_vendedor, id_loja, data_venda, valor_venda) VALUES ('SKU-0000034','1002','SP8823','02/07/2013',1345.87);
INSERT INTO TB_VENDAS (id_produto, id_vendedor, id_loja, data_venda, valor_venda) VALUES ('SKU-0000035','1003','SP8823','02/08/2013',1234.12);
INSERT INTO TB_VENDAS (id_produto, id_vendedor, id_loja, data_venda, valor_venda) VALUES ('SKU-0000036','1004','SP8823','02/09/2013',1245.9);
INSERT INTO TB_VENDAS (id_produto, id_vendedor, id_loja, data_venda, valor_venda) VALUES ('SKU-0000037','1005','SP8823','02/10/2013',1345.87);
INSERT INTO TB_VENDAS (id_produto, id_vendedor, id_loja, data_venda, valor_venda) VALUES ('SKU-0000038','1006','SP8823','02/11/2013',1234.12);
INSERT INTO TB_VENDAS (id_produto, id_vendedor, id_loja, data_venda, valor_venda) VALUES ('SKU-0000039','1007','SP8823','02/12/2013',1245.9);
INSERT INTO TB_VENDAS (id_produto, id_vendedor, id_loja, data_venda, valor_venda) VALUES ('SKU-0000040','1008','R1296','01/01/2012',1345.87);
INSERT INTO TB_VENDAS (id_produto, id_vendedor, id_loja, data_venda, valor_venda) VALUES ('SKU-0000041','1009','R1296','01/02/2012',1234.12);
INSERT INTO TB_VENDAS (id_produto, id_vendedor, id_loja, data_venda, valor_venda) VALUES ('SKU-0000042','1001','V7654','01/03/2012',1245.9);
INSERT INTO TB_VENDAS (id_produto, id_vendedor, id_loja, data_venda, valor_venda) VALUES ('SKU-0000043','1001','A9990','01/04/2012',1345.87);
INSERT INTO TB_VENDAS (id_produto, id_vendedor, id_loja, data_venda, valor_venda) VALUES ('SKU-0000044','1002','SP8823','01/05/2012',1234.12);
INSERT INTO TB_VENDAS (id_produto, id_vendedor, id_loja, data_venda, valor_venda) VALUES ('SKU-0000045','1003','SP8823','01/06/2012',1245.9);
INSERT INTO TB_VENDAS (id_produto, id_vendedor, id_loja, data_venda, valor_venda) VALUES ('SKU-0000046','1004','SP8823','01/07/2012',1345.87);
INSERT INTO TB_VENDAS (id_produto, id_vendedor, id_loja, data_venda, valor_venda) VALUES ('SKU-0000047','1005','SP8823','01/08/2012',1234.12);
INSERT INTO TB_VENDAS (id_produto, id_vendedor, id_loja, data_venda, valor_venda) VALUES ('SKU-0000048','1006','R1296','01/09/2012',1245.9);
INSERT INTO TB_VENDAS (id_produto, id_vendedor, id_loja, data_venda, valor_venda) VALUES ('SKU-0000049','1007','V7654','01/10/2012',1345.87);
INSERT INTO TB_VENDAS (id_produto, id_vendedor, id_loja, data_venda, valor_venda) VALUES ('SKU-0000050','1008','SP8823','01/11/2012',1234.12);
INSERT INTO TB_VENDAS (id_produto, id_vendedor, id_loja, data_venda, valor_venda) VALUES ('SKU-0000051','1009','SP8823','01/12/2012',900);
INSERT INTO TB_VENDAS (id_produto, id_vendedor, id_loja, data_venda, valor_venda) VALUES ('SKU-0000052','1006','SP8823','02/01/2013',999);
INSERT INTO TB_VENDAS (id_produto, id_vendedor, id_loja, data_venda, valor_venda) VALUES ('SKU-0000053','1006','SP8823','02/02/2013',1234);
INSERT INTO TB_VENDAS (id_produto, id_vendedor, id_loja, data_venda, valor_venda) VALUES ('SKU-0000054','1003','SP8823','02/03/2013',998);
INSERT INTO TB_VENDAS (id_produto, id_vendedor, id_loja, data_venda, valor_venda) VALUES ('SKU-0000055','1004','SP8823','02/04/2013',999);
INSERT INTO TB_VENDAS (id_produto, id_vendedor, id_loja, data_venda, valor_venda) VALUES ('SKU-0000056','1005','SP8823','02/05/2013',999.99);
INSERT INTO TB_VENDAS (id_produto, id_vendedor, id_loja, data_venda, valor_venda) VALUES ('SKU-0000057','1006','V7654','02/06/2013',982);
INSERT INTO TB_VENDAS (id_produto, id_vendedor, id_loja, data_venda, valor_venda) VALUES ('SKU-0000058','1007','R1296','02/07/2013',1002);
INSERT INTO TB_VENDAS (id_produto, id_vendedor, id_loja, data_venda, valor_venda) VALUES ('SKU-0000059','1003','SP8823','02/08/2013',376);
INSERT INTO TB_VENDAS (id_produto, id_vendedor, id_loja, data_venda, valor_venda) VALUES ('SKU-0000060','1002','A9990','02/09/2013',899);
INSERT INTO TB_VENDAS (id_produto, id_vendedor, id_loja, data_venda, valor_venda) VALUES ('SKU-0000061','1009','SP8823','02/10/2013',799);
INSERT INTO TB_VENDAS (id_produto, id_vendedor, id_loja, data_venda, valor_venda) VALUES ('SKU-0000062','1006','SP8823','02/11/2013',1356);
INSERT INTO TB_VENDAS (id_produto, id_vendedor, id_loja, data_venda, valor_venda) VALUES ('SKU-0000063','1006','SP8823','02/12/2013',1788);
INSERT INTO TB_VENDAS (id_produto, id_vendedor, id_loja, data_venda, valor_venda) VALUES ('SKU-0000064','1003','SP8823','01/01/2012',459);
INSERT INTO TB_VENDAS (id_produto, id_vendedor, id_loja, data_venda, valor_venda) VALUES ('SKU-0000065','1004','SP8823','01/02/2012',234);
INSERT INTO TB_VENDAS (id_produto, id_vendedor, id_loja, data_venda, valor_venda) VALUES ('SKU-0000066','1005','SP8823','01/03/2012',345);
INSERT INTO TB_VENDAS (id_produto, id_vendedor, id_loja, data_venda, valor_venda) VALUES ('SKU-0000067','1006','SP8823','01/04/2012',1345);
INSERT INTO TB_VENDAS (id_produto, id_vendedor, id_loja, data_venda, valor_venda) VALUES ('SKU-0000068','1007','SP8823','01/05/2012',675);
INSERT INTO TB_VENDAS (id_produto, id_vendedor, id_loja, data_venda, valor_venda) VALUES ('SKU-0000069','1003','SP8823','01/06/2012',123);
INSERT INTO TB_VENDAS (id_produto, id_vendedor, id_loja, data_venda, valor_venda) VALUES ('SKU-0000070','1002','SP8823','01/07/2012',455);
INSERT INTO TB_VENDAS (id_produto, id_vendedor, id_loja, data_venda, valor_venda) VALUES ('SKU-0000071','1009','V7654','01/08/2012',566);
INSERT INTO TB_VENDAS (id_produto, id_vendedor, id_loja, data_venda, valor_venda) VALUES ('SKU-0000072','1006','R1296','01/09/2012',1200);
INSERT INTO TB_VENDAS (id_produto, id_vendedor, id_loja, data_venda, valor_venda) VALUES ('SKU-0000073','1006','A9990','01/10/2012',1220);
INSERT INTO TB_VENDAS (id_produto, id_vendedor, id_loja, data_venda, valor_venda) VALUES ('SKU-0000074','1003','SP8823','01/11/2012',123);
INSERT INTO TB_VENDAS (id_produto, id_vendedor, id_loja, data_venda, valor_venda) VALUES ('SKU-0000075','1004','SP8823','01/12/2012',445);
INSERT INTO TB_VENDAS (id_produto, id_vendedor, id_loja, data_venda, valor_venda) VALUES ('SKU-0000076','1005','SP8823','02/01/2013',345);
INSERT INTO TB_VENDAS (id_produto, id_vendedor, id_loja, data_venda, valor_venda) VALUES ('SKU-0000077','1006','SP8823','02/02/2013',1220);
INSERT INTO TB_VENDAS (id_produto, id_vendedor, id_loja, data_venda, valor_venda) VALUES ('SKU-0000078','1007','SP8823','02/03/2013',124);
INSERT INTO TB_VENDAS (id_produto, id_vendedor, id_loja, data_venda, valor_venda) VALUES ('SKU-0000079','1003','A9990','02/04/2013',123);
INSERT INTO TB_VENDAS (id_produto, id_vendedor, id_loja, data_venda, valor_venda) VALUES ('SKU-0000080','1002','SP8823','02/05/2013',230);
INSERT INTO TB_VENDAS (id_produto, id_vendedor, id_loja, data_venda, valor_venda) VALUES ('SKU-0000081','1001','R1296','02/06/2013',290);
INSERT INTO TB_VENDAS (id_produto, id_vendedor, id_loja, data_venda, valor_venda) VALUES ('SKU-0000082','1001','SP8823','02/07/2013',290);
INSERT INTO TB_VENDAS (id_produto, id_vendedor, id_loja, data_venda, valor_venda) VALUES ('SKU-0000083','1001','SP8823','02/08/2013',290);
INSERT INTO TB_VENDAS (id_produto, id_vendedor, id_loja, data_venda, valor_venda) VALUES ('SKU-0000084','1009','A9990','02/09/2013',290);
INSERT INTO TB_VENDAS (id_produto, id_vendedor, id_loja, data_venda, valor_venda) VALUES ('SKU-0000085','1006','SP8823','02/10/2013',1100);
INSERT INTO TB_VENDAS (id_produto, id_vendedor, id_loja, data_venda, valor_venda) VALUES ('SKU-0000086','1006','SP8823','02/11/2013',1234.89);
INSERT INTO TB_VENDAS (id_produto, id_vendedor, id_loja, data_venda, valor_venda) VALUES ('SKU-0000087','1003','SP8823','02/12/2013',123);
INSERT INTO TB_VENDAS (id_produto, id_vendedor, id_loja, data_venda, valor_venda) VALUES ('SKU-0000088','1004','P0761','02/01/2013',297);
INSERT INTO TB_VENDAS (id_produto, id_vendedor, id_loja, data_venda, valor_venda) VALUES ('SKU-0000089','1005','SA7761','02/02/2013',1299);
INSERT INTO TB_VENDAS (id_produto, id_vendedor, id_loja, data_venda, valor_venda) VALUES ('SKU-0000090','1006','P0761','02/03/2013',167);
INSERT INTO TB_VENDAS (id_produto, id_vendedor, id_loja, data_venda, valor_venda) VALUES ('SKU-0000091','1007','SA7761','02/04/2013',1399);
INSERT INTO TB_VENDAS (id_produto, id_vendedor, id_loja, data_venda, valor_venda) VALUES ('SKU-0000092','1003','V7654','02/05/2013',168);
INSERT INTO TB_VENDAS (id_produto, id_vendedor, id_loja, data_venda, valor_venda) VALUES ('SKU-0000093','1002','R1296','02/06/2013',1278);
INSERT INTO TB_VENDAS (id_produto, id_vendedor, id_loja, data_venda, valor_venda) VALUES ('SKU-0000094','1009','SP8823','02/07/2013',150);
INSERT INTO TB_VENDAS (id_produto, id_vendedor, id_loja, data_venda, valor_venda) VALUES ('SKU-0000095','1006','A9990','02/08/2013',1190);
INSERT INTO TB_VENDAS (id_produto, id_vendedor, id_loja, data_venda, valor_venda) VALUES ('SKU-0000096','1006','SP8823','02/09/2013',149);
INSERT INTO TB_VENDAS (id_produto, id_vendedor, id_loja, data_venda, valor_venda) VALUES ('SKU-0000097','1003','R1296','02/10/2013',1290);
INSERT INTO TB_VENDAS (id_produto, id_vendedor, id_loja, data_venda, valor_venda) VALUES ('SKU-0000098','1004','SP8823','02/11/2013',135);
INSERT INTO TB_VENDAS (id_produto, id_vendedor, id_loja, data_venda, valor_venda) VALUES ('SKU-0000099','1005','SP8823','02/12/2013',139);
INSERT INTO TB_VENDAS (id_produto, id_vendedor, id_loja, data_venda, valor_venda) VALUES ('SKU-0000100','1006','SP8823','02/01/2013',128);
INSERT INTO TB_VENDAS (id_produto, id_vendedor, id_loja, data_venda, valor_venda) VALUES ('SKU-0000101','1007','SP8823','02/02/2013',138);
INSERT INTO TB_VENDAS (id_produto, id_vendedor, id_loja, data_venda, valor_venda) VALUES ('SKU-0000102','1003','SP8823','02/03/2013',137);
INSERT INTO TB_VENDAS (id_produto, id_vendedor, id_loja, data_venda, valor_venda) VALUES ('SKU-0000103','1002','SP8823','02/04/2013',126);
INSERT INTO TB_VENDAS (id_produto, id_vendedor, id_loja, data_venda, valor_venda) VALUES ('SKU-0000104','1009','SP8822','02/05/2013',136);
INSERT INTO TB_VENDAS (id_produto, id_vendedor, id_loja, data_venda, valor_venda) VALUES ('SKU-0000105','1006','SP8822','02/06/2013',139);
INSERT INTO TB_VENDAS (id_produto, id_vendedor, id_loja, data_venda, valor_venda) VALUES ('SKU-0000106','1006','SP8822','02/07/2013',150);
INSERT INTO TB_VENDAS (id_produto, id_vendedor, id_loja, data_venda, valor_venda) VALUES ('SKU-0000107','1003','SP8822','02/08/2013',167);
INSERT INTO TB_VENDAS (id_produto, id_vendedor, id_loja, data_venda, valor_venda) VALUES ('SKU-0000108','1004','SP8822','02/09/2013',179);
INSERT INTO TB_VENDAS (id_produto, id_vendedor, id_loja, data_venda, valor_venda) VALUES ('SKU-0000109','1005','SP8822','02/10/2013',149);
INSERT INTO TB_VENDAS (id_produto, id_vendedor, id_loja, data_venda, valor_venda) VALUES ('SKU-0000110','1006','SP8822','02/11/2013',149);
INSERT INTO TB_VENDAS (id_produto, id_vendedor, id_loja, data_venda, valor_venda) VALUES ('SKU-0000111','1007','SP8822','02/12/2013',149);
INSERT INTO TB_VENDAS (id_produto, id_vendedor, id_loja, data_venda, valor_venda) VALUES ('SKU-0000112','1003','SP8822','02/01/2013',398);
INSERT INTO TB_VENDAS (id_produto, id_vendedor, id_loja, data_venda, valor_venda) VALUES ('SKU-0000113','1002','SP8822','02/02/2013',788);
INSERT INTO TB_VENDAS (id_produto, id_vendedor, id_loja, data_venda, valor_venda) VALUES ('SKU-0000114','1001','SP8822','02/03/2013',766);
INSERT INTO TB_VENDAS (id_produto, id_vendedor, id_loja, data_venda, valor_venda) VALUES ('SKU-0000115','1001','SP8822','02/04/2013',655);
INSERT INTO TB_VENDAS (id_produto, id_vendedor, id_loja, data_venda, valor_venda) VALUES ('SKU-0000116','1001','SP8822','02/05/2013',788);
INSERT INTO TB_VENDAS (id_produto, id_vendedor, id_loja, data_venda, valor_venda) VALUES ('SKU-0000117','1009','SP8822','02/06/2013',655);
INSERT INTO TB_VENDAS (id_produto, id_vendedor, id_loja, data_venda, valor_venda) VALUES ('SKU-0000118','1006','SP8822','02/07/2013',655);
INSERT INTO TB_VENDAS (id_produto, id_vendedor, id_loja, data_venda, valor_venda) VALUES ('SKU-0000119','1006','SP8822','02/08/2013',455.12);
INSERT INTO TB_VENDAS (id_produto, id_vendedor, id_loja, data_venda, valor_venda) VALUES ('SKU-0000120','1003','SP8822','02/09/2013',262);
INSERT INTO TB_VENDAS (id_produto, id_vendedor, id_loja, data_venda, valor_venda) VALUES ('SKU-0000121','1004','SP8822','02/10/2013',445);
INSERT INTO TB_VENDAS (id_produto, id_vendedor, id_loja, data_venda, valor_venda) VALUES ('SKU-0000122','1005','SP8822','02/11/2013',655);
INSERT INTO TB_VENDAS (id_produto, id_vendedor, id_loja, data_venda, valor_venda) VALUES ('SKU-0000123','1006','SP8822','02/12/2013',555.32);
INSERT INTO TB_VENDAS (id_produto, id_vendedor, id_loja, data_venda, valor_venda) VALUES ('SKU-0000124','1007','SP8822','02/01/2013',456);
INSERT INTO TB_VENDAS (id_produto, id_vendedor, id_loja, data_venda, valor_venda) VALUES ('SKU-0000125','1003','SP8822','02/02/2013',277);
INSERT INTO TB_VENDAS (id_produto, id_vendedor, id_loja, data_venda, valor_venda) VALUES ('SKU-0000126','1002','SP8822','02/03/2013',877);
INSERT INTO TB_VENDAS (id_produto, id_vendedor, id_loja, data_venda, valor_venda) VALUES ('SKU-0000127','1009','SP8822','02/04/2013',988);
INSERT INTO TB_VENDAS (id_produto, id_vendedor, id_loja, data_venda, valor_venda) VALUES ('SKU-0000128','1006','SP8822','02/05/2013',567.32);
INSERT INTO TB_VENDAS (id_produto, id_vendedor, id_loja, data_venda, valor_venda) VALUES ('SKU-0000129','1006','P0761','02/06/2013',799.9);
INSERT INTO TB_VENDAS (id_produto, id_vendedor, id_loja, data_venda, valor_venda) VALUES ('SKU-0000130','1003','SP8822','02/07/2013',1200);
INSERT INTO TB_VENDAS (id_produto, id_vendedor, id_loja, data_venda, valor_venda) VALUES ('SKU-0000131','1004','SP8822','02/08/2013',345);
INSERT INTO TB_VENDAS (id_produto, id_vendedor, id_loja, data_venda, valor_venda) VALUES ('SKU-0000132','1005','SP8822','02/09/2013',433);
INSERT INTO TB_VENDAS (id_produto, id_vendedor, id_loja, data_venda, valor_venda) VALUES ('SKU-0000133','1006','SP8822','02/10/2013',345.89);
INSERT INTO TB_VENDAS (id_produto, id_vendedor, id_loja, data_venda, valor_venda) VALUES ('SKU-0000134','1007','SP8822','02/11/2013',467);
INSERT INTO TB_VENDAS (id_produto, id_vendedor, id_loja, data_venda, valor_venda) VALUES ('SKU-0000135','1003','SP8822','02/12/2013',1220);
INSERT INTO TB_VENDAS (id_produto, id_vendedor, id_loja, data_venda, valor_venda) VALUES ('SKU-0000136','1002','A9990','09/01/2013',1233);
INSERT INTO TB_VENDAS (id_produto, id_vendedor, id_loja, data_venda, valor_venda) VALUES ('SKU-0000137','1009','A9990','10/01/2013',1233);
INSERT INTO TB_VENDAS (id_produto, id_vendedor, id_loja, data_venda, valor_venda) VALUES ('SKU-0000138','1006','A9990','11/02/2013',721);
INSERT INTO TB_VENDAS (id_produto, id_vendedor, id_loja, data_venda, valor_venda) VALUES ('SKU-0000139','1006','V7654','12/03/2013',671);
INSERT INTO TB_VENDAS (id_produto, id_vendedor, id_loja, data_venda, valor_venda) VALUES ('SKU-0000140','1003','V7654','13/03/2013',1899);
INSERT INTO TB_VENDAS (id_produto, id_vendedor, id_loja, data_venda, valor_venda) VALUES ('SKU-0000141','1004','A9990','14/03/2013',346);
INSERT INTO TB_VENDAS (id_produto, id_vendedor, id_loja, data_venda, valor_venda) VALUES ('SKU-0000142','1005','A9990','15/04/2013',699);
INSERT INTO TB_VENDAS (id_produto, id_vendedor, id_loja, data_venda, valor_venda) VALUES ('SKU-0000143','1006','A9990','16/04/2013',876);
INSERT INTO TB_VENDAS (id_produto, id_vendedor, id_loja, data_venda, valor_venda) VALUES ('SKU-0000144','1007','V7654','17/05/2013',655);
INSERT INTO TB_VENDAS (id_produto, id_vendedor, id_loja, data_venda, valor_venda) VALUES ('SKU-0000145','1003','V7654','18/05/2013',1200);
INSERT INTO TB_VENDAS (id_produto, id_vendedor, id_loja, data_venda, valor_venda) VALUES ('SKU-0000146','1002','A9990','19/05/2013',1229);
INSERT INTO TB_VENDAS (id_produto, id_vendedor, id_loja, data_venda, valor_venda) VALUES ('SKU-0000147','1001','A9990','20/06/2013',1228);
INSERT INTO TB_VENDAS (id_produto, id_vendedor, id_loja, data_venda, valor_venda) VALUES ('SKU-0000148','1001','A9990','21/07/2013',3999);
INSERT INTO TB_VENDAS (id_produto, id_vendedor, id_loja, data_venda, valor_venda) VALUES ('SKU-0000149','1001','V7654','22/07/2013',1229);
INSERT INTO TB_VENDAS (id_produto, id_vendedor, id_loja, data_venda, valor_venda) VALUES ('SKU-0000150','1009','V7654','23/09/2013',1299);
INSERT INTO TB_VENDAS (id_produto, id_vendedor, id_loja, data_venda, valor_venda) VALUES ('SKU-0000151','1004','V7654','24/10/2013',3999);
INSERT INTO TB_VENDAS (id_produto, id_vendedor, id_loja, data_venda, valor_venda) VALUES ('SKU-0000152','1007','A9990','25/11/2013',1234);
INSERT INTO TB_VENDAS (id_produto, id_vendedor, id_loja, data_venda, valor_venda) VALUES ('SKU-0000153','1006','V7654','26/11/2013',875);
INSERT INTO TB_VENDAS (id_produto, id_vendedor, id_loja, data_venda, valor_venda) VALUES ('SKU-0000154','1005','A9990','27/11/2013',433);
INSERT INTO TB_VENDAS (id_produto, id_vendedor, id_loja, data_venda, valor_venda) VALUES ('SKU-0000155','1009','SP8822','04/10/2014',3999);
INSERT INTO TB_VENDAS (id_produto, id_vendedor, id_loja, data_venda, valor_venda) VALUES ('SKU-0000156','1002','SP8822','01/01/2014',1288);
INSERT INTO TB_VENDAS (id_produto, id_vendedor, id_loja, data_venda, valor_venda) VALUES ('SKU-0000157','1003','SP8822','02/02/2014',3999);
INSERT INTO TB_VENDAS (id_produto, id_vendedor, id_loja, data_venda, valor_venda) VALUES ('SKU-0000158','1006','SP8822','03/03/2014',3999);
INSERT INTO TB_VENDAS (id_produto, id_vendedor, id_loja, data_venda, valor_venda) VALUES ('SKU-0000159','1004','SP8822','04/04/2014',3999);
INSERT INTO TB_VENDAS (id_produto, id_vendedor, id_loja, data_venda, valor_venda) VALUES ('SKU-0000160','1004','SP8822','04/05/2014',3999);
INSERT INTO TB_VENDAS (id_produto, id_vendedor, id_loja, data_venda, valor_venda) VALUES ('SKU-0000161','1007','SP8822','04/06/2014',1234);
INSERT INTO TB_VENDAS (id_produto, id_vendedor, id_loja, data_venda, valor_venda) VALUES ('SKU-0000162','1004','A9990','04/07/2014',1235);
INSERT INTO TB_VENDAS (id_produto, id_vendedor, id_loja, data_venda, valor_venda) VALUES ('SKU-0000163','1006','SP8822','04/08/2014',1200);
INSERT INTO TB_VENDAS (id_produto, id_vendedor, id_loja, data_venda, valor_venda) VALUES ('SKU-0000164','1005','SP8822','04/09/2014',788);
INSERT INTO TB_VENDAS (id_produto, id_vendedor, id_loja, data_venda, valor_venda) VALUES ('SKU-0000165','1003','A9990','04/11/2014',761);
INSERT INTO TB_VENDAS (id_produto, id_vendedor, id_loja, data_venda, valor_venda) VALUES ('SKU-0000166','1004','SP8822','04/11/2014',987);
INSERT INTO TB_VENDAS (id_produto, id_vendedor, id_loja, data_venda, valor_venda) VALUES ('SKU-0000167','1003','SP8822','04/12/2014',1567);
INSERT INTO TB_VENDAS (id_produto, id_vendedor, id_loja, data_venda, valor_venda) VALUES ('SKU-0000168','1009','SP8822','04/12/2014',1287);
INSERT INTO TB_VENDAS (id_produto, id_vendedor, id_loja, data_venda, valor_venda) VALUES ('SKU-0000169','1002','A9990','02/01/2015',1287);
INSERT INTO TB_VENDAS (id_produto, id_vendedor, id_loja, data_venda, valor_venda) VALUES ('SKU-0000170','1001','SP8822','02/02/2015',3999);
INSERT INTO TB_VENDAS (id_produto, id_vendedor, id_loja, data_venda, valor_venda) VALUES ('SKU-0000171','1002','S6543','02/03/2015',3999);
INSERT INTO TB_VENDAS (id_produto, id_vendedor, id_loja, data_venda, valor_venda) VALUES ('SKU-0000172','1002','S6543','02/04/2015',3999);
INSERT INTO TB_VENDAS (id_produto, id_vendedor, id_loja, data_venda, valor_venda) VALUES ('SKU-0000173','1004','S6543','02/05/2015',3999);
INSERT INTO TB_VENDAS (id_produto, id_vendedor, id_loja, data_venda, valor_venda) VALUES ('SKU-0000174','1002','B7659','02/06/2015',3999);
INSERT INTO TB_VENDAS (id_produto, id_vendedor, id_loja, data_venda, valor_venda) VALUES ('SKU-0000175','1002','B7659','02/07/2015',3999);
INSERT INTO TB_VENDAS (id_produto, id_vendedor, id_loja, data_venda, valor_venda) VALUES ('SKU-0000176','1004','SP8822','02/08/2015',3999);
INSERT INTO TB_VENDAS (id_produto, id_vendedor, id_loja, data_venda, valor_venda) VALUES ('SKU-0000177','1002','SP8822','02/09/2015',3999);
INSERT INTO TB_VENDAS (id_produto, id_vendedor, id_loja, data_venda, valor_venda) VALUES ('SKU-0000178','1002','SP8822','02/10/2015',1230);
INSERT INTO TB_VENDAS (id_produto, id_vendedor, id_loja, data_venda, valor_venda) VALUES ('SKU-0000179','1004','SP8822','02/11/2015',1230);
INSERT INTO TB_VENDAS (id_produto, id_vendedor, id_loja, data_venda, valor_venda) VALUES ('SKU-0000180','1004','SP8822','02/12/2015',1230);
INSERT INTO TB_VENDAS (id_produto, id_vendedor, id_loja, data_venda, valor_venda) VALUES ('SKU-0000181','1004','SP8822','02/01/2015',1230);
INSERT INTO TB_VENDAS (id_produto, id_vendedor, id_loja, data_venda, valor_venda) VALUES ('SKU-0000182','1006','SP8822','02/02/2015',1220);
INSERT INTO TB_VENDAS (id_produto, id_vendedor, id_loja, data_venda, valor_venda) VALUES ('SKU-0000183','1007','SP8822','02/03/2015',1234);
INSERT INTO TB_VENDAS (id_produto, id_vendedor, id_loja, data_venda, valor_venda) VALUES ('SKU-0000184','1003','SP8822','02/04/2015',1579);
INSERT INTO TB_VENDAS (id_produto, id_vendedor, id_loja, data_venda, valor_venda) VALUES ('SKU-0000185','1002','SP8822','02/05/2015',1288);
INSERT INTO TB_VENDAS (id_produto, id_vendedor, id_loja, data_venda, valor_venda) VALUES ('SKU-0000186','1009','SP8822','02/06/2015',1222);
INSERT INTO TB_VENDAS (id_produto, id_vendedor, id_loja, data_venda, valor_venda) VALUES ('SKU-0000187','1006','SP8822','02/07/2015',1210);
INSERT INTO TB_VENDAS (id_produto, id_vendedor, id_loja, data_venda, valor_venda) VALUES ('SKU-0000188','1006','SP8822','02/08/2015',1212);
INSERT INTO TB_VENDAS (id_produto, id_vendedor, id_loja, data_venda, valor_venda) VALUES ('SKU-0000189','1003','SP8822','02/09/2015',1899);
INSERT INTO TB_VENDAS (id_produto, id_vendedor, id_loja, data_venda, valor_venda) VALUES ('SKU-0000190','1004','SP8822','02/10/2015',567);
INSERT INTO TB_VENDAS (id_produto, id_vendedor, id_loja, data_venda, valor_venda) VALUES ('SKU-0000191','1005','SP8822','02/11/2015',189);
INSERT INTO TB_VENDAS (id_produto, id_vendedor, id_loja, data_venda, valor_venda) VALUES ('SKU-0000192','1006','SP8822','02/12/2015',1212);
INSERT INTO TB_VENDAS (id_produto, id_vendedor, id_loja, data_venda, valor_venda) VALUES ('SKU-0000193','1007','R1296','01/01/2014',1234);
INSERT INTO TB_VENDAS (id_produto, id_vendedor, id_loja, data_venda, valor_venda) VALUES ('SKU-0000194','1003','R1296','01/02/2014',763);
INSERT INTO TB_VENDAS (id_produto, id_vendedor, id_loja, data_venda, valor_venda) VALUES ('SKU-0000195','1002','V7654','01/03/2014',149);
INSERT INTO TB_VENDAS (id_produto, id_vendedor, id_loja, data_venda, valor_venda) VALUES ('SKU-0000196','1001','A9990','01/04/2014',148);
INSERT INTO TB_VENDAS (id_produto, id_vendedor, id_loja, data_venda, valor_venda) VALUES ('SKU-0000197','1001','SP8822','01/05/2014',139);
INSERT INTO TB_VENDAS (id_produto, id_vendedor, id_loja, data_venda, valor_venda) VALUES ('SKU-0000198','1001','SP8822','01/06/2014',138);
INSERT INTO TB_VENDAS (id_produto, id_vendedor, id_loja, data_venda, valor_venda) VALUES ('SKU-0000199','1009','SP8822','01/07/2014',137);
INSERT INTO TB_VENDAS (id_produto, id_vendedor, id_loja, data_venda, valor_venda) VALUES ('SKU-0000200','1004','SP8822','01/08/2014',121);
INSERT INTO TB_VENDAS (id_produto, id_vendedor, id_loja, data_venda, valor_venda) VALUES ('SKU-0000201','1007','R1296','01/09/2014',129);
INSERT INTO TB_VENDAS (id_produto, id_vendedor, id_loja, data_venda, valor_venda) VALUES ('SKU-0000202','1006','V7654','01/10/2014',128);
INSERT INTO TB_VENDAS (id_produto, id_vendedor, id_loja, data_venda, valor_venda) VALUES ('SKU-0000203','1005','SP8822','01/11/2014',129);
INSERT INTO TB_VENDAS (id_produto, id_vendedor, id_loja, data_venda, valor_venda) VALUES ('SKU-0000204','1009','SP8822','01/12/2014',129);
INSERT INTO TB_VENDAS (id_produto, id_vendedor, id_loja, data_venda, valor_venda) VALUES ('SKU-0000205','1002','SP8822','02/01/2015',128);
INSERT INTO TB_VENDAS (id_produto, id_vendedor, id_loja, data_venda, valor_venda) VALUES ('SKU-0000206','1003','SP8822','02/02/2015',129);
INSERT INTO TB_VENDAS (id_produto, id_vendedor, id_loja, data_venda, valor_venda) VALUES ('SKU-0000207','1006','SP8822','02/03/2015',121);
INSERT INTO TB_VENDAS (id_produto, id_vendedor, id_loja, data_venda, valor_venda) VALUES ('SKU-0000208','1004','SP8822','02/04/2015',121);
INSERT INTO TB_VENDAS (id_produto, id_vendedor, id_loja, data_venda, valor_venda) VALUES ('SKU-0000209','1004','SP8822','02/05/2015',121);
INSERT INTO TB_VENDAS (id_produto, id_vendedor, id_loja, data_venda, valor_venda) VALUES ('SKU-0000210','1007','V7654','02/06/2015',121);
INSERT INTO TB_VENDAS (id_produto, id_vendedor, id_loja, data_venda, valor_venda) VALUES ('SKU-0000211','1004','R1296','02/07/2015',121);
INSERT INTO TB_VENDAS (id_produto, id_vendedor, id_loja, data_venda, valor_venda) VALUES ('SKU-0000212','1006','SP8822','02/08/2015',121);
INSERT INTO TB_VENDAS (id_produto, id_vendedor, id_loja, data_venda, valor_venda) VALUES ('SKU-0000213','1005','A9990','02/09/2015',121);
INSERT INTO TB_VENDAS (id_produto, id_vendedor, id_loja, data_venda, valor_venda) VALUES ('SKU-0000214','1003','SP8822','02/10/2015',121);
INSERT INTO TB_VENDAS (id_produto, id_vendedor, id_loja, data_venda, valor_venda) VALUES ('SKU-0000215','1004','SP8822','02/11/2015',121);
INSERT INTO TB_VENDAS (id_produto, id_vendedor, id_loja, data_venda, valor_venda) VALUES ('SKU-0000216','1003','SP8822','02/12/2015',121);
INSERT INTO TB_VENDAS (id_produto, id_vendedor, id_loja, data_venda, valor_venda) VALUES ('SKU-0000217','1009','SP8822','01/01/2014',121);
INSERT INTO TB_VENDAS (id_produto, id_vendedor, id_loja, data_venda, valor_venda) VALUES ('SKU-0000218','1002','SP8822','01/02/2014',355);
INSERT INTO TB_VENDAS (id_produto, id_vendedor, id_loja, data_venda, valor_venda) VALUES ('SKU-0000219','1001','SP8822','01/03/2014',355);
INSERT INTO TB_VENDAS (id_produto, id_vendedor, id_loja, data_venda, valor_venda) VALUES ('SKU-0000220','1002','SP8822','01/04/2014',366);
INSERT INTO TB_VENDAS (id_produto, id_vendedor, id_loja, data_venda, valor_venda) VALUES ('SKU-0000221','1002','SP8822','01/05/2014',388);
INSERT INTO TB_VENDAS (id_produto, id_vendedor, id_loja, data_venda, valor_venda) VALUES ('SKU-0000222','1004','SP8822','01/06/2014',124);
INSERT INTO TB_VENDAS (id_produto, id_vendedor, id_loja, data_venda, valor_venda) VALUES ('SKU-0000223','1002','SP8822','01/07/2014',120);
INSERT INTO TB_VENDAS (id_produto, id_vendedor, id_loja, data_venda, valor_venda) VALUES ('SKU-0000224','1002','V7654','01/08/2014',190);
INSERT INTO TB_VENDAS (id_produto, id_vendedor, id_loja, data_venda, valor_venda) VALUES ('SKU-0000225','1004','R1296','01/09/2014',675.9);
INSERT INTO TB_VENDAS (id_produto, id_vendedor, id_loja, data_venda, valor_venda) VALUES ('SKU-0000226','1002','A9990','01/10/2014',455);
INSERT INTO TB_VENDAS (id_produto, id_vendedor, id_loja, data_venda, valor_venda) VALUES ('SKU-0000227','1002','SP8822','01/11/2014',377);
INSERT INTO TB_VENDAS (id_produto, id_vendedor, id_loja, data_venda, valor_venda) VALUES ('SKU-0000228','1004','SP8822','01/12/2014',678.12);
INSERT INTO TB_VENDAS (id_produto, id_vendedor, id_loja, data_venda, valor_venda) VALUES ('SKU-0000229','1004','SP8822','02/01/2015',789.45);
INSERT INTO TB_VENDAS (id_produto, id_vendedor, id_loja, data_venda, valor_venda) VALUES ('SKU-0000230','1004','SP8822','02/02/2015',890.32);
INSERT INTO TB_VENDAS (id_produto, id_vendedor, id_loja, data_venda, valor_venda) VALUES ('SKU-0000231','1006','SP8822','02/03/2015',433);
INSERT INTO TB_VENDAS (id_produto, id_vendedor, id_loja, data_venda, valor_venda) VALUES ('SKU-0000232','1007','A9990','02/04/2015',455);
INSERT INTO TB_VENDAS (id_produto, id_vendedor, id_loja, data_venda, valor_venda) VALUES ('SKU-0000233','1003','SP8822','02/05/2015',677);
INSERT INTO TB_VENDAS (id_produto, id_vendedor, id_loja, data_venda, valor_venda) VALUES ('SKU-0000234','1002','R1296','02/06/2015',345);
INSERT INTO TB_VENDAS (id_produto, id_vendedor, id_loja, data_venda, valor_venda) VALUES ('SKU-0000235','1009','SP8822','02/07/2015',713);
INSERT INTO TB_VENDAS (id_produto, id_vendedor, id_loja, data_venda, valor_venda) VALUES ('SKU-0000236','1006','SP8822','02/08/2015',322);
INSERT INTO TB_VENDAS (id_produto, id_vendedor, id_loja, data_venda, valor_venda) VALUES ('SKU-0000237','1006','A9990','02/09/2015',222);
INSERT INTO TB_VENDAS (id_produto, id_vendedor, id_loja, data_venda, valor_venda) VALUES ('SKU-0000238','1003','SP8822','02/10/2015',566);
INSERT INTO TB_VENDAS (id_produto, id_vendedor, id_loja, data_venda, valor_venda) VALUES ('SKU-0000239','1004','SP8822','02/11/2015',678.34);
INSERT INTO TB_VENDAS (id_produto, id_vendedor, id_loja, data_venda, valor_venda) VALUES ('SKU-0000240','1005','SP8822','02/12/2015',456);
INSERT INTO TB_VENDAS (id_produto, id_vendedor, id_loja, data_venda, valor_venda) VALUES ('SKU-0000241','1006','P0761','02/01/2015',290);
INSERT INTO TB_VENDAS (id_produto, id_vendedor, id_loja, data_venda, valor_venda) VALUES ('SKU-0000242','1007','SA7761','02/02/2015',121);
INSERT INTO TB_VENDAS (id_produto, id_vendedor, id_loja, data_venda, valor_venda) VALUES ('SKU-0000243','1003','P0761','02/03/2015',455);
INSERT INTO TB_VENDAS (id_produto, id_vendedor, id_loja, data_venda, valor_venda) VALUES ('SKU-0000244','1002','SA7761','02/04/2015',121);
INSERT INTO TB_VENDAS (id_produto, id_vendedor, id_loja, data_venda, valor_venda) VALUES ('SKU-0000245','1001','V7654','02/05/2015',1290);
INSERT INTO TB_VENDAS (id_produto, id_vendedor, id_loja, data_venda, valor_venda) VALUES ('SKU-0000246','1001','R1296','02/06/2015',121);
INSERT INTO TB_VENDAS (id_produto, id_vendedor, id_loja, data_venda, valor_venda) VALUES ('SKU-0000247','1001','SP8822','02/07/2015',1229);
INSERT INTO TB_VENDAS (id_produto, id_vendedor, id_loja, data_venda, valor_venda) VALUES ('SKU-0000248','1009','A9990','02/08/2015',121);
INSERT INTO TB_VENDAS (id_produto, id_vendedor, id_loja, data_venda, valor_venda) VALUES ('SKU-0000249','1004','SP8822','02/09/2015',1321);
INSERT INTO TB_VENDAS (id_produto, id_vendedor, id_loja, data_venda, valor_venda) VALUES ('SKU-0000250','1007','R1296','02/10/2015',121);
INSERT INTO TB_VENDAS (id_produto, id_vendedor, id_loja, data_venda, valor_venda) VALUES ('SKU-0000251','1006','SP8822','02/11/2015',1345);
INSERT INTO TB_VENDAS (id_produto, id_vendedor, id_loja, data_venda, valor_venda) VALUES ('SKU-0000252','1005','SP8822','02/12/2015',121);
INSERT INTO TB_VENDAS (id_produto, id_vendedor, id_loja, data_venda, valor_venda) VALUES ('SKU-0000253','1009','SP8821','02/01/2015',167);
INSERT INTO TB_VENDAS (id_produto, id_vendedor, id_loja, data_venda, valor_venda) VALUES ('SKU-0000254','1002','SP8821','02/02/2015',167);
INSERT INTO TB_VENDAS (id_produto, id_vendedor, id_loja, data_venda, valor_venda) VALUES ('SKU-0000255','1003','SP8821','02/03/2015',167);
INSERT INTO TB_VENDAS (id_produto, id_vendedor, id_loja, data_venda, valor_venda) VALUES ('SKU-0000256','1006','SP8821','02/04/2015',167);
INSERT INTO TB_VENDAS (id_produto, id_vendedor, id_loja, data_venda, valor_venda) VALUES ('SKU-0000257','1004','SP8821','02/05/2015',167);
INSERT INTO TB_VENDAS (id_produto, id_vendedor, id_loja, data_venda, valor_venda) VALUES ('SKU-0000258','1004','SP8821','02/06/2015',167);
INSERT INTO TB_VENDAS (id_produto, id_vendedor, id_loja, data_venda, valor_venda) VALUES ('SKU-0000259','1007','SP8821','02/07/2015',167);
INSERT INTO TB_VENDAS (id_produto, id_vendedor, id_loja, data_venda, valor_venda) VALUES ('SKU-0000260','1004','SP8821','02/08/2015',167);
INSERT INTO TB_VENDAS (id_produto, id_vendedor, id_loja, data_venda, valor_venda) VALUES ('SKU-0000261','1006','SP8821','02/09/2015',167);
INSERT INTO TB_VENDAS (id_produto, id_vendedor, id_loja, data_venda, valor_venda) VALUES ('SKU-0000262','1005','SP8821','02/10/2015',167);
INSERT INTO TB_VENDAS (id_produto, id_vendedor, id_loja, data_venda, valor_venda) VALUES ('SKU-0000263','1003','SP8821','02/11/2015',167);
INSERT INTO TB_VENDAS (id_produto, id_vendedor, id_loja, data_venda, valor_venda) VALUES ('SKU-0000264','1004','SP8821','02/12/2015',167);
INSERT INTO TB_VENDAS (id_produto, id_vendedor, id_loja, data_venda, valor_venda) VALUES ('SKU-0000265','1003','SP8821','02/01/2015',167);
INSERT INTO TB_VENDAS (id_produto, id_vendedor, id_loja, data_venda, valor_venda) VALUES ('SKU-0000266','1009','SP8821','02/02/2015',713);
INSERT INTO TB_VENDAS (id_produto, id_vendedor, id_loja, data_venda, valor_venda) VALUES ('SKU-0000267','1002','SP8821','02/03/2015',713);
INSERT INTO TB_VENDAS (id_produto, id_vendedor, id_loja, data_venda, valor_venda) VALUES ('SKU-0000268','1001','SP8821','02/04/2015',713);
INSERT INTO TB_VENDAS (id_produto, id_vendedor, id_loja, data_venda, valor_venda) VALUES ('SKU-0000269','1002','SP8821','02/05/2015',713);
INSERT INTO TB_VENDAS (id_produto, id_vendedor, id_loja, data_venda, valor_venda) VALUES ('SKU-0000270','1002','SP8821','02/06/2015',713);
INSERT INTO TB_VENDAS (id_produto, id_vendedor, id_loja, data_venda, valor_venda) VALUES ('SKU-0000271','1004','SP8821','02/07/2015',456);
INSERT INTO TB_VENDAS (id_produto, id_vendedor, id_loja, data_venda, valor_venda) VALUES ('SKU-0000272','1002','SP8821','02/08/2015',713);
INSERT INTO TB_VENDAS (id_produto, id_vendedor, id_loja, data_venda, valor_venda) VALUES ('SKU-0000273','1002','SP8821','02/09/2015',713);
INSERT INTO TB_VENDAS (id_produto, id_vendedor, id_loja, data_venda, valor_venda) VALUES ('SKU-0000274','1004','SP8821','02/10/2015',765.34);
INSERT INTO TB_VENDAS (id_produto, id_vendedor, id_loja, data_venda, valor_venda) VALUES ('SKU-0000275','1002','SP8821','02/11/2015',713);
INSERT INTO TB_VENDAS (id_produto, id_vendedor, id_loja, data_venda, valor_venda) VALUES ('SKU-0000276','1002','SP8821','02/12/2015',713);
INSERT INTO TB_VENDAS (id_produto, id_vendedor, id_loja, data_venda, valor_venda) VALUES ('SKU-0000277','1004','SP8821','02/01/2015',234.12);
INSERT INTO TB_VENDAS (id_produto, id_vendedor, id_loja, data_venda, valor_venda) VALUES ('SKU-0000278','1004','SP8821','02/02/2015',134);
INSERT INTO TB_VENDAS (id_produto, id_vendedor, id_loja, data_venda, valor_venda) VALUES ('SKU-0000279','1004','P0761','02/03/2015',123);
INSERT INTO TB_VENDAS (id_produto, id_vendedor, id_loja, data_venda, valor_venda) VALUES ('SKU-0000280','1003','SP8821','02/04/2015',167);
INSERT INTO TB_VENDAS (id_produto, id_vendedor, id_loja, data_venda, valor_venda) VALUES ('SKU-0000281','1004','S6543','02/05/2015',189);
INSERT INTO TB_VENDAS (id_produto, id_vendedor, id_loja, data_venda, valor_venda) VALUES ('SKU-0000282','1005','P0761','02/06/2015',134);
INSERT INTO TB_VENDAS (id_produto, id_vendedor, id_loja, data_venda, valor_venda) VALUES ('SKU-0000283','1001','S6543','02/07/2015',156);
INSERT INTO TB_VENDAS (id_produto, id_vendedor, id_loja, data_venda, valor_venda) VALUES ('SKU-0000284','1001','S6543','02/08/2015',123);
INSERT INTO TB_VENDAS (id_produto, id_vendedor, id_loja, data_venda, valor_venda) VALUES ('SKU-0000285','1001','S6543','02/09/2015',156);
INSERT INTO TB_VENDAS (id_produto, id_vendedor, id_loja, data_venda, valor_venda) VALUES ('SKU-0000286','1009','SP8821','02/10/2015',178);
INSERT INTO TB_VENDAS (id_produto, id_vendedor, id_loja, data_venda, valor_venda) VALUES ('SKU-0000287','1008','SP8821','02/11/2015',139);
INSERT INTO TB_VENDAS (id_produto, id_vendedor, id_loja, data_venda, valor_venda) VALUES ('SKU-0000288','1007','SP8821','02/12/2015',123);
INSERT INTO TB_VENDAS (id_produto, id_vendedor, id_loja, data_venda, valor_venda) VALUES ('SKU-0000289','1009','A9990','09/01/2015',123);
INSERT INTO TB_VENDAS (id_produto, id_vendedor, id_loja, data_venda, valor_venda) VALUES ('SKU-0000290','1009','A9990','10/01/2015',1299);
INSERT INTO TB_VENDAS (id_produto, id_vendedor, id_loja, data_venda, valor_venda) VALUES ('SKU-0000291','1003','A9991','11/02/2015',761);
INSERT INTO TB_VENDAS (id_produto, id_vendedor, id_loja, data_venda, valor_venda) VALUES ('SKU-0000292','1004','V7654','12/03/2015',765);
INSERT INTO TB_VENDAS (id_produto, id_vendedor, id_loja, data_venda, valor_venda) VALUES ('SKU-0000293','1005','V7654','13/03/2015',456);
INSERT INTO TB_VENDAS (id_produto, id_vendedor, id_loja, data_venda, valor_venda) VALUES ('SKU-0000294','1006','A9991','14/03/2015',1230);
INSERT INTO TB_VENDAS (id_produto, id_vendedor, id_loja, data_venda, valor_venda) VALUES ('SKU-0000295','1007','A9991','15/04/2015',1212);
INSERT INTO TB_VENDAS (id_produto, id_vendedor, id_loja, data_venda, valor_venda) VALUES ('SKU-0000296','1004','A9991','16/04/2015',1230);
INSERT INTO TB_VENDAS (id_produto, id_vendedor, id_loja, data_venda, valor_venda) VALUES ('SKU-0000297','1002','V7654','17/05/2015',1299);
INSERT INTO TB_VENDAS (id_produto, id_vendedor, id_loja, data_venda, valor_venda) VALUES ('SKU-0000298','1002','V7654','18/05/2015',1299);
INSERT INTO TB_VENDAS (id_produto, id_vendedor, id_loja, data_venda, valor_venda) VALUES ('SKU-0000299','1001','A9991','19/05/2015',1299);
INSERT INTO TB_VENDAS (id_produto, id_vendedor, id_loja, data_venda, valor_venda) VALUES ('SKU-0000300','1002','A9991','20/06/2015',1299);
INSERT INTO TB_VENDAS (id_produto, id_vendedor, id_loja, data_venda, valor_venda) VALUES ('SKU-0000301','1004','A9991','21/07/2015',456);
INSERT INTO TB_VENDAS (id_produto, id_vendedor, id_loja, data_venda, valor_venda) VALUES ('SKU-0000302','1002','V7654','22/07/2015',1230);
INSERT INTO TB_VENDAS (id_produto, id_vendedor, id_loja, data_venda, valor_venda) VALUES ('SKU-0000303','1003','V7654','23/09/2015',409);
INSERT INTO TB_VENDAS (id_produto, id_vendedor, id_loja, data_venda, valor_venda) VALUES ('SKU-0000304','1003','V7654','24/10/2015',766);
INSERT INTO TB_VENDAS (id_produto, id_vendedor, id_loja, data_venda, valor_venda) VALUES ('SKU-0000305','1002','A9991','25/11/2015',1230);
INSERT INTO TB_VENDAS (id_produto, id_vendedor, id_loja, data_venda, valor_venda) VALUES ('SKU-0000306','1004','V7654','26/11/2015',567);
INSERT INTO TB_VENDAS (id_produto, id_vendedor, id_loja, data_venda, valor_venda) VALUES ('SKU-0000307','1001','A9991','27/11/2015',1299);
INSERT INTO TB_VENDAS (id_produto, id_vendedor, id_loja, data_venda, valor_venda) VALUES ('SKU-0000308','1009','R1296','04/10/2014',1299);
INSERT INTO TB_VENDAS (id_produto, id_vendedor, id_loja, data_venda, valor_venda) VALUES ('SKU-0000309','1002','R1296','04/10/2014',1230);
INSERT INTO TB_VENDAS (id_produto, id_vendedor, id_loja, data_venda, valor_venda) VALUES ('SKU-0000310','1001','R1296','01/01/2014',1299);
INSERT INTO TB_VENDAS (id_produto, id_vendedor, id_loja, data_venda, valor_venda) VALUES ('SKU-0000311','1002','R1296','02/02/2014',1230);
INSERT INTO TB_VENDAS (id_produto, id_vendedor, id_loja, data_venda, valor_venda) VALUES ('SKU-0000312','1002','R1296','03/03/2014',1230);
INSERT INTO TB_VENDAS (id_produto, id_vendedor, id_loja, data_venda, valor_venda) VALUES ('SKU-0000313','1002','R1296','04/04/2014',1230);
INSERT INTO TB_VENDAS (id_produto, id_vendedor, id_loja, data_venda, valor_venda) VALUES ('SKU-0000314','1002','R1296','04/05/2014',1230);
INSERT INTO TB_VENDAS (id_produto, id_vendedor, id_loja, data_venda, valor_venda) VALUES ('SKU-0000315','1009','R1296','04/06/2014',1299);
INSERT INTO TB_VENDAS (id_produto, id_vendedor, id_loja, data_venda, valor_venda) VALUES ('SKU-0000316','1001','R1296','04/07/2014',1299);
INSERT INTO TB_VENDAS (id_produto, id_vendedor, id_loja, data_venda, valor_venda) VALUES ('SKU-0000317','1003','R1296','04/08/2014',137);
INSERT INTO TB_VENDAS (id_produto, id_vendedor, id_loja, data_venda, valor_venda) VALUES ('SKU-0000318','1004','R1296','04/09/2014',632);
INSERT INTO TB_VENDAS (id_produto, id_vendedor, id_loja, data_venda, valor_venda) VALUES ('SKU-0000319','1005','R1296','04/11/2014',761);
INSERT INTO TB_VENDAS (id_produto, id_vendedor, id_loja, data_venda, valor_venda) VALUES ('SKU-0000320','1009','R1296','04/11/2014',1299);
INSERT INTO TB_VENDAS (id_produto, id_vendedor, id_loja, data_venda, valor_venda) VALUES ('SKU-0000321','1002','R1296','04/12/2014',1299);
INSERT INTO TB_VENDAS (id_produto, id_vendedor, id_loja, data_venda, valor_venda) VALUES ('SKU-0000322','1001','R1296','04/12/2014',1299);
INSERT INTO TB_VENDAS (id_produto, id_vendedor, id_loja, data_venda, valor_venda) VALUES ('SKU-0000323','1005','R1296','02/01/2015',543);
INSERT INTO TB_VENDAS (id_produto, id_vendedor, id_loja, data_venda, valor_venda) VALUES ('SKU-0000324','1002','R1296','02/02/2015',1230);
INSERT INTO TB_VENDAS (id_produto, id_vendedor, id_loja, data_venda, valor_venda) VALUES ('SKU-0000325','1002','R1298','02/03/2015',1230);
INSERT INTO TB_VENDAS (id_produto, id_vendedor, id_loja, data_venda, valor_venda) VALUES ('SKU-0000326','1001','R1298','02/04/2015',1230);
INSERT INTO TB_VENDAS (id_produto, id_vendedor, id_loja, data_venda, valor_venda) VALUES ('SKU-0000327','1001','R1298','02/05/2015',1230);
INSERT INTO TB_VENDAS (id_produto, id_vendedor, id_loja, data_venda, valor_venda) VALUES ('SKU-0000328','1001','R1296','02/06/2015',1230);
INSERT INTO TB_VENDAS (id_produto, id_vendedor, id_loja, data_venda, valor_venda) VALUES ('SKU-0000329','1001','R1296','02/07/2015',1230);
INSERT INTO TB_VENDAS (id_produto, id_vendedor, id_loja, data_venda, valor_venda) VALUES ('SKU-0000330','1001','R1296','02/08/2015',1230);
INSERT INTO TB_VENDAS (id_produto, id_vendedor, id_loja, data_venda, valor_venda) VALUES ('SKU-0000331','1001','R1296','02/09/2015',1230);
INSERT INTO TB_VENDAS (id_produto, id_vendedor, id_loja, data_venda, valor_venda) VALUES ('SKU-0000332','1001','R1296','02/10/2015',1230);
INSERT INTO TB_VENDAS (id_produto, id_vendedor, id_loja, data_venda, valor_venda) VALUES ('SKU-0000333','1001','R1296','02/11/2015',1230);
INSERT INTO TB_VENDAS (id_produto, id_vendedor, id_loja, data_venda, valor_venda) VALUES ('SKU-0000334','1001','R1296','02/12/2015',1230);
INSERT INTO TB_VENDAS (id_produto, id_vendedor, id_loja, data_venda, valor_venda) VALUES ('SKU-0000335','1005','R1296','02/01/2015',1230);
INSERT INTO TB_VENDAS (id_produto, id_vendedor, id_loja, data_venda, valor_venda) VALUES ('SKU-0000336','1002','R1296','02/02/2015',1299);
INSERT INTO TB_VENDAS (id_produto, id_vendedor, id_loja, data_venda, valor_venda) VALUES ('SKU-0000337','1009','R1296','02/03/2015',1299);
INSERT INTO TB_VENDAS (id_produto, id_vendedor, id_loja, data_venda, valor_venda) VALUES ('SKU-0000338','1001','R1296','02/04/2015',1299);
INSERT INTO TB_VENDAS (id_produto, id_vendedor, id_loja, data_venda, valor_venda) VALUES ('SKU-0000339','1003','R1296','02/05/2015',899);
INSERT INTO TB_VENDAS (id_produto, id_vendedor, id_loja, data_venda, valor_venda) VALUES ('SKU-0000340','1004','R1296','02/06/2015',345.87);
INSERT INTO TB_VENDAS (id_produto, id_vendedor, id_loja, data_venda, valor_venda) VALUES ('SKU-0000341','1005','R1296','02/07/2015',456);
INSERT INTO TB_VENDAS (id_produto, id_vendedor, id_loja, data_venda, valor_venda) VALUES ('SKU-0000342','1009','R1296','02/08/2015',1299);
INSERT INTO TB_VENDAS (id_produto, id_vendedor, id_loja, data_venda, valor_venda) VALUES ('SKU-0000343','1002','R1296','02/09/2015',1299);
INSERT INTO TB_VENDAS (id_produto, id_vendedor, id_loja, data_venda, valor_venda) VALUES ('SKU-0000344','1001','R1296','02/10/2015',1299);
INSERT INTO TB_VENDAS (id_produto, id_vendedor, id_loja, data_venda, valor_venda) VALUES ('SKU-0000345','1005','R1296','02/11/2015',567);
INSERT INTO TB_VENDAS (id_produto, id_vendedor, id_loja, data_venda, valor_venda) VALUES ('SKU-0000346','1002','R1295','02/12/2015',1299);
INSERT INTO TB_VENDAS (id_produto, id_vendedor, id_loja, data_venda, valor_venda) VALUES ('SKU-0000347','1002','R1295','01/01/2014',1299);
INSERT INTO TB_VENDAS (id_produto, id_vendedor, id_loja, data_venda, valor_venda) VALUES ('SKU-0000348','1001','R1295','01/02/2014',167);
INSERT INTO TB_VENDAS (id_produto, id_vendedor, id_loja, data_venda, valor_venda) VALUES ('SKU-0000349','1001','R1295','01/03/2014',167);
INSERT INTO TB_VENDAS (id_produto, id_vendedor, id_loja, data_venda, valor_venda) VALUES ('SKU-0000350','1001','R1297','01/04/2014',167);
INSERT INTO TB_VENDAS (id_produto, id_vendedor, id_loja, data_venda, valor_venda) VALUES ('SKU-0000351','1001','R1295','01/05/2014',149);
INSERT INTO TB_VENDAS (id_produto, id_vendedor, id_loja, data_venda, valor_venda) VALUES ('SKU-0000352','1001','R1295','01/06/2014',149);
INSERT INTO TB_VENDAS (id_produto, id_vendedor, id_loja, data_venda, valor_venda) VALUES ('SKU-0000353','1001','R1295','01/07/2014',149);
INSERT INTO TB_VENDAS (id_produto, id_vendedor, id_loja, data_venda, valor_venda) VALUES ('SKU-0000354','1001','R1295','01/08/2014',149);
INSERT INTO TB_VENDAS (id_produto, id_vendedor, id_loja, data_venda, valor_venda) VALUES ('SKU-0000355','1001','R1295','01/09/2014',149);
INSERT INTO TB_VENDAS (id_produto, id_vendedor, id_loja, data_venda, valor_venda) VALUES ('SKU-0000356','1001','R1297','01/10/2014',149);
INSERT INTO TB_VENDAS (id_produto, id_vendedor, id_loja, data_venda, valor_venda) VALUES ('SKU-0000357','1005','R1297','01/11/2014',149);
INSERT INTO TB_VENDAS (id_produto, id_vendedor, id_loja, data_venda, valor_venda) VALUES ('SKU-0000358','1002','R1297','01/12/2014',149);
INSERT INTO TB_VENDAS (id_produto, id_vendedor, id_loja, data_venda, valor_venda) VALUES ('SKU-0000359','1009','R1297','02/01/2015',149);
INSERT INTO TB_VENDAS (id_produto, id_vendedor, id_loja, data_venda, valor_venda) VALUES ('SKU-0000360','1001','R1297','02/02/2015',149);
INSERT INTO TB_VENDAS (id_produto, id_vendedor, id_loja, data_venda, valor_venda) VALUES ('SKU-0000361','1003','R1297','02/03/2015',149);
INSERT INTO TB_VENDAS (id_produto, id_vendedor, id_loja, data_venda, valor_venda) VALUES ('SKU-0000362','1004','R1297','02/04/2015',765.45);
INSERT INTO TB_VENDAS (id_produto, id_vendedor, id_loja, data_venda, valor_venda) VALUES ('SKU-0000363','1005','R1297','02/05/2015',149);
INSERT INTO TB_VENDAS (id_produto, id_vendedor, id_loja, data_venda, valor_venda) VALUES ('SKU-0000364','1009','R1297','02/06/2015',149);
INSERT INTO TB_VENDAS (id_produto, id_vendedor, id_loja, data_venda, valor_venda) VALUES ('SKU-0000365','1002','R1295','02/07/2015',149);
INSERT INTO TB_VENDAS (id_produto, id_vendedor, id_loja, data_venda, valor_venda) VALUES ('SKU-0000366','1001','R1295','02/08/2015',149);
INSERT INTO TB_VENDAS (id_produto, id_vendedor, id_loja, data_venda, valor_venda) VALUES ('SKU-0000367','1005','R1295','02/09/2015',149);
INSERT INTO TB_VENDAS (id_produto, id_vendedor, id_loja, data_venda, valor_venda) VALUES ('SKU-0000368','1002','R1298','02/10/2015',149);
INSERT INTO TB_VENDAS (id_produto, id_vendedor, id_loja, data_venda, valor_venda) VALUES ('SKU-0000369','1002','R1295','02/11/2015',149);
INSERT INTO TB_VENDAS (id_produto, id_vendedor, id_loja, data_venda, valor_venda) VALUES ('SKU-0000370','1001','R1295','02/12/2015',149);
INSERT INTO TB_VENDAS (id_produto, id_vendedor, id_loja, data_venda, valor_venda) VALUES ('SKU-0000371','1001','R1298','01/01/2014',149);
INSERT INTO TB_VENDAS (id_produto, id_vendedor, id_loja, data_venda, valor_venda) VALUES ('SKU-0000372','1001','R1295','01/02/2014',1299);
INSERT INTO TB_VENDAS (id_produto, id_vendedor, id_loja, data_venda, valor_venda) VALUES ('SKU-0000373','1001','R1295','01/03/2014',455);
INSERT INTO TB_VENDAS (id_produto, id_vendedor, id_loja, data_venda, valor_venda) VALUES ('SKU-0000374','1001','R1295','01/04/2014',455);
INSERT INTO TB_VENDAS (id_produto, id_vendedor, id_loja, data_venda, valor_venda) VALUES ('SKU-0000375','1001','R1295','01/05/2014',455);
INSERT INTO TB_VENDAS (id_produto, id_vendedor, id_loja, data_venda, valor_venda) VALUES ('SKU-0000376','1001','R1295','01/06/2014',455);
INSERT INTO TB_VENDAS (id_produto, id_vendedor, id_loja, data_venda, valor_venda) VALUES ('SKU-0000377','1001','R1295','01/07/2014',455);
INSERT INTO TB_VENDAS (id_produto, id_vendedor, id_loja, data_venda, valor_venda) VALUES ('SKU-0000378','1001','R1295','01/08/2014',455);
INSERT INTO TB_VENDAS (id_produto, id_vendedor, id_loja, data_venda, valor_venda) VALUES ('SKU-0000379','1005','R1295','01/09/2014',123);
INSERT INTO TB_VENDAS (id_produto, id_vendedor, id_loja, data_venda, valor_venda) VALUES ('SKU-0000380','1002','R1295','01/10/2014',455);
INSERT INTO TB_VENDAS (id_produto, id_vendedor, id_loja, data_venda, valor_venda) VALUES ('SKU-0000381','1009','R1295','01/11/2014',455);
INSERT INTO TB_VENDAS (id_produto, id_vendedor, id_loja, data_venda, valor_venda) VALUES ('SKU-0000382','1001','R1295','01/12/2014',455);
INSERT INTO TB_VENDAS (id_produto, id_vendedor, id_loja, data_venda, valor_venda) VALUES ('SKU-0000383','1003','R1295','02/01/2015',566);
INSERT INTO TB_VENDAS (id_produto, id_vendedor, id_loja, data_venda, valor_venda) VALUES ('SKU-0000384','1004','R1295','02/02/2015',788.9);
INSERT INTO TB_VENDAS (id_produto, id_vendedor, id_loja, data_venda, valor_venda) VALUES ('SKU-0000385','1005','R1295','02/03/2015',567);
INSERT INTO TB_VENDAS (id_produto, id_vendedor, id_loja, data_venda, valor_venda) VALUES ('SKU-0000386','1009','R1295','02/04/2015',455);
INSERT INTO TB_VENDAS (id_produto, id_vendedor, id_loja, data_venda, valor_venda) VALUES ('SKU-0000387','1002','R1295','02/05/2015',455);
INSERT INTO TB_VENDAS (id_produto, id_vendedor, id_loja, data_venda, valor_venda) VALUES ('SKU-0000388','1001','R1295','02/06/2015',455);
INSERT INTO TB_VENDAS (id_produto, id_vendedor, id_loja, data_venda, valor_venda) VALUES ('SKU-0000389','1005','R1295','02/07/2015',123);
INSERT INTO TB_VENDAS (id_produto, id_vendedor, id_loja, data_venda, valor_venda) VALUES ('SKU-0000390','1002','R1295','02/08/2015',455);
INSERT INTO TB_VENDAS (id_produto, id_vendedor, id_loja, data_venda, valor_venda) VALUES ('SKU-0000391','1002','R1295','02/09/2015',455);
INSERT INTO TB_VENDAS (id_produto, id_vendedor, id_loja, data_venda, valor_venda) VALUES ('SKU-0000392','1001','R1295','02/10/2015',455);
INSERT INTO TB_VENDAS (id_produto, id_vendedor, id_loja, data_venda, valor_venda) VALUES ('SKU-0000393','1001','R1295','02/11/2015',455);
INSERT INTO TB_VENDAS (id_produto, id_vendedor, id_loja, data_venda, valor_venda) VALUES ('SKU-0000394','1001','R1295','02/12/2015',455);
INSERT INTO TB_VENDAS (id_produto, id_vendedor, id_loja, data_venda, valor_venda) VALUES ('SKU-0000395','1001','R1295','02/02/2015',455);
INSERT INTO TB_VENDAS (id_produto, id_vendedor, id_loja, data_venda, valor_venda) VALUES ('SKU-0000396','1001','R1295','02/04/2015',455);
INSERT INTO TB_VENDAS (id_produto, id_vendedor, id_loja, data_venda, valor_venda) VALUES ('SKU-0000397','1001','R1295','02/05/2015',455);
INSERT INTO TB_VENDAS (id_produto, id_vendedor, id_loja, data_venda, valor_venda) VALUES ('SKU-0000398','1001','R1295','02/06/2015',455);
INSERT INTO TB_VENDAS (id_produto, id_vendedor, id_loja, data_venda, valor_venda) VALUES ('SKU-0000399','1001','R1295','02/07/2015',455);
INSERT INTO TB_VENDAS (id_produto, id_vendedor, id_loja, data_venda, valor_venda) VALUES ('SKU-0000400','1001','R1298','02/08/2015',149);
INSERT INTO TB_VENDAS (id_produto, id_vendedor, id_loja, data_venda, valor_venda) VALUES ('SKU-0000401','1005','R1295','02/09/2015',1390);
INSERT INTO TB_VENDAS (id_produto, id_vendedor, id_loja, data_venda, valor_venda) VALUES ('SKU-0000402','1001','R1298','02/10/2015',149);
INSERT INTO TB_VENDAS (id_produto, id_vendedor, id_loja, data_venda, valor_venda) VALUES ('SKU-0000403','1004','R1295','02/11/2015',1120);
INSERT INTO TB_VENDAS (id_produto, id_vendedor, id_loja, data_venda, valor_venda) VALUES ('SKU-0000404','1001','R1298','02/12/2015',149);
INSERT INTO TB_VENDAS (id_produto, id_vendedor, id_loja, data_venda, valor_venda) VALUES ('SKU-0000405','1002','R1298','02/01/2015',149);
INSERT INTO TB_VENDAS (id_produto, id_vendedor, id_loja, data_venda, valor_venda) VALUES ('SKU-0000406','1002','R1298','02/02/2015',149);
INSERT INTO TB_VENDAS (id_produto, id_vendedor, id_loja, data_venda, valor_venda) VALUES ('SKU-0000407','1001','R1298','02/03/2015',149);
INSERT INTO TB_VENDAS (id_produto, id_vendedor, id_loja, data_venda, valor_venda) VALUES ('SKU-0000408','1001','R1298','02/04/2015',149);
INSERT INTO TB_VENDAS (id_produto, id_vendedor, id_loja, data_venda, valor_venda) VALUES ('SKU-0000409','1009','R1295','02/05/2015',149);
INSERT INTO TB_VENDAS (id_produto, id_vendedor, id_loja, data_venda, valor_venda) VALUES ('SKU-0000410','1006','R1295','02/06/2015',149);
INSERT INTO TB_VENDAS (id_produto, id_vendedor, id_loja, data_venda, valor_venda) VALUES ('SKU-0000411','1007','R1295','02/07/2015',149);
INSERT INTO TB_VENDAS (id_produto, id_vendedor, id_loja, data_venda, valor_venda) VALUES ('SKU-0000412','1006','R1295','02/08/2015',149);
INSERT INTO TB_VENDAS (id_produto, id_vendedor, id_loja, data_venda, valor_venda) VALUES ('SKU-0000413','1005','R1295','02/09/2015',149);
INSERT INTO TB_VENDAS (id_produto, id_vendedor, id_loja, data_venda, valor_venda) VALUES ('SKU-0000414','1005','R1295','02/10/2015',149);
INSERT INTO TB_VENDAS (id_produto, id_vendedor, id_loja, data_venda, valor_venda) VALUES ('SKU-0000415','1005','R1295','02/11/2015',149);
INSERT INTO TB_VENDAS (id_produto, id_vendedor, id_loja, data_venda, valor_venda) VALUES ('SKU-0000416','1005','R1295','02/12/2015',121);
INSERT INTO TB_VENDAS (id_produto, id_vendedor, id_loja, data_venda, valor_venda) VALUES ('SKU-0000417','1005','R1295','02/01/2015',121);
INSERT INTO TB_VENDAS (id_produto, id_vendedor, id_loja, data_venda, valor_venda) VALUES ('SKU-0000418','1005','R1295','02/02/2015',788);
INSERT INTO TB_VENDAS (id_produto, id_vendedor, id_loja, data_venda, valor_venda) VALUES ('SKU-0000419','1005','R1295','02/03/2015',900);
INSERT INTO TB_VENDAS (id_produto, id_vendedor, id_loja, data_venda, valor_venda) VALUES ('SKU-0000420','1005','R1295','02/04/2015',455);
INSERT INTO TB_VENDAS (id_produto, id_vendedor, id_loja, data_venda, valor_venda) VALUES ('SKU-0000421','1005','R1295','02/05/2015',390);
INSERT INTO TB_VENDAS (id_produto, id_vendedor, id_loja, data_venda, valor_venda) VALUES ('SKU-0000422','1005','R1295','02/06/2015',899);
INSERT INTO TB_VENDAS (id_produto, id_vendedor, id_loja, data_venda, valor_venda) VALUES ('SKU-0000423','1005','R1295','02/07/2015',455);
INSERT INTO TB_VENDAS (id_produto, id_vendedor, id_loja, data_venda, valor_venda) VALUES ('SKU-0000424','1008','R1295','02/08/2015',234);
INSERT INTO TB_VENDAS (id_produto, id_vendedor, id_loja, data_venda, valor_venda) VALUES ('SKU-0000425','1008','R1295','02/09/2015',289);
INSERT INTO TB_VENDAS (id_produto, id_vendedor, id_loja, data_venda, valor_venda) VALUES ('SKU-0000426','1008','R1295','02/10/2015',433);
INSERT INTO TB_VENDAS (id_produto, id_vendedor, id_loja, data_venda, valor_venda) VALUES ('SKU-0000427','1008','R1295','02/11/2015',345);
INSERT INTO TB_VENDAS (id_produto, id_vendedor, id_loja, data_venda, valor_venda) VALUES ('SKU-0000428','1008','R1295','02/12/2015',346);
INSERT INTO TB_VENDAS (id_produto, id_vendedor, id_loja, data_venda, valor_venda) VALUES ('SKU-0000429','1008','R1295','02/01/2015',456);
INSERT INTO TB_VENDAS (id_produto, id_vendedor, id_loja, data_venda, valor_venda) VALUES ('SKU-0000430','1009','R1295','02/02/2015',145);
INSERT INTO TB_VENDAS (id_produto, id_vendedor, id_loja, data_venda, valor_venda) VALUES ('SKU-0000431','1006','R1295','02/03/2015',124);
INSERT INTO TB_VENDAS (id_produto, id_vendedor, id_loja, data_venda, valor_venda) VALUES ('SKU-0000432','1006','R1297','02/05/2015',128);
INSERT INTO TB_VENDAS (id_produto, id_vendedor, id_loja, data_venda, valor_venda) VALUES ('SKU-0000433','1003','R1297','02/07/2015',127);
INSERT INTO TB_VENDAS (id_produto, id_vendedor, id_loja, data_venda, valor_venda) VALUES ('SKU-0000434','1004','R1297','02/08/2015',12);
INSERT INTO TB_VENDAS (id_produto, id_vendedor, id_loja, data_venda, valor_venda) VALUES ('SKU-0000435','1005','R1297','02/09/2015',124);
INSERT INTO TB_VENDAS (id_produto, id_vendedor, id_loja, data_venda, valor_venda) VALUES ('SKU-0000436','1006','R1295','02/10/2015',124);
INSERT INTO TB_VENDAS (id_produto, id_vendedor, id_loja, data_venda, valor_venda) VALUES ('SKU-0000437','1007','R1295','02/11/2015',128);
INSERT INTO TB_VENDAS (id_produto, id_vendedor, id_loja, data_venda, valor_venda) VALUES ('SKU-0000438','1003','R1295','02/12/2015',134);
INSERT INTO TB_VENDAS (id_produto, id_vendedor, id_loja, data_venda, valor_venda) VALUES ('SKU-0000439','1002','R1295','09/01/2015',143);
INSERT INTO TB_VENDAS (id_produto, id_vendedor, id_loja, data_venda, valor_venda) VALUES ('SKU-0000440','1002','R1295','10/01/2015',1234);
INSERT INTO TB_VENDAS (id_produto, id_vendedor, id_loja, data_venda, valor_venda) VALUES ('SKU-0000441','1002','R1295','11/02/2015',1234);
INSERT INTO TB_VENDAS (id_produto, id_vendedor, id_loja, data_venda, valor_venda) VALUES ('SKU-0000442','1002','R1295','12/03/2015',1234);
INSERT INTO TB_VENDAS (id_produto, id_vendedor, id_loja, data_venda, valor_venda) VALUES ('SKU-0000443','1002','R1295','13/03/2015',1234);
INSERT INTO TB_VENDAS (id_produto, id_vendedor, id_loja, data_venda, valor_venda) VALUES ('SKU-0000444','1006','R1295','14/03/2015',1230);
INSERT INTO TB_VENDAS (id_produto, id_vendedor, id_loja, data_venda, valor_venda) VALUES ('SKU-0000445','1002','R1295','15/04/2015',1234);
INSERT INTO TB_VENDAS (id_produto, id_vendedor, id_loja, data_venda, valor_venda) VALUES ('SKU-0000446','1007','R1295','16/04/2015',1230);
INSERT INTO TB_VENDAS (id_produto, id_vendedor, id_loja, data_venda, valor_venda) VALUES ('SKU-0000447','1002','R1295','17/05/2015',1234);
INSERT INTO TB_VENDAS (id_produto, id_vendedor, id_loja, data_venda, valor_venda) VALUES ('SKU-0000448','1002','R1295','18/05/2015',1234);
INSERT INTO TB_VENDAS (id_produto, id_vendedor, id_loja, data_venda, valor_venda) VALUES ('SKU-0000449','1002','R1295','19/05/2015',1234);
INSERT INTO TB_VENDAS (id_produto, id_vendedor, id_loja, data_venda, valor_venda) VALUES ('SKU-0000450','1002','R1295','20/06/2015',1234);
INSERT INTO TB_VENDAS (id_produto, id_vendedor, id_loja, data_venda, valor_venda) VALUES ('SKU-0000451','1002','R1295','21/07/2015',1234);
INSERT INTO TB_VENDAS (id_produto, id_vendedor, id_loja, data_venda, valor_venda) VALUES ('SKU-0000452','1007','R1295','22/07/2015',1230);
INSERT INTO TB_VENDAS (id_produto, id_vendedor, id_loja, data_venda, valor_venda) VALUES ('SKU-0000453','1002','R1295','23/09/2015',1234);
INSERT INTO TB_VENDAS (id_produto, id_vendedor, id_loja, data_venda, valor_venda) VALUES ('SKU-0000454','1002','R1295','24/10/2015',1234);
INSERT INTO TB_VENDAS (id_produto, id_vendedor, id_loja, data_venda, valor_venda) VALUES ('SKU-0000455','1008','R1295','25/11/2015',1230);
INSERT INTO TB_VENDAS (id_produto, id_vendedor, id_loja, data_venda, valor_venda) VALUES ('SKU-0000456','1002','R1295','26/11/2015',1234);
INSERT INTO TB_VENDAS (id_produto, id_vendedor, id_loja, data_venda, valor_venda) VALUES ('SKU-0000457','1002','R1295','27/11/2015',1234);
